"binomial_name","Family","Genus","Species","species_origin","logging_status"
"Acranthera multiflora","Rubiaceae","Acranthera","multiflora","50ha","unlogged"
"Acranthera velutinervia","Rubiaceae","Acranthera","velutinervia","50ha","unlogged"
"Actinodaphne borneensis","Lauraceae","Actinodaphne","borneensis","50ha","unlogged"
"Actinodaphne glomerata","Lauraceae","Actinodaphne","glomerata","50ha","unlogged"
"Actinodaphne macrophylla","Lauraceae","Actinodaphne","macrophylla","50ha","unlogged"
"Actinodaphne pruinosa","Lauraceae","Actinodaphne","pruinosa","50ha","unlogged"
"Actinodaphne species 1","Lauraceae","Actinodaphne","species 1","50ha","unlogged"
"Actinodaphne unknown mixed","Lauraceae","Actinodaphne","unknown mixed","50ha, CP","both"
"Adenanthera kostermansii","Fabaceae","Adenanthera","kostermansii","50ha, CP","both"
"Adenanthera malayana","Fabaceae","Adenanthera","malayana","50ha, CP","both"
"Adinandra unknown mixed","Theaceae","Adinandra","unknown mixed","CP","logged"
"Aglaia angustifolia","Meliaceae","Aglaia","angustifolia","50ha, CP","both"
"Aglaia argentea","Meliaceae","Aglaia","argentea","50ha, CP","both"
"Aglaia crassinervia","Meliaceae","Aglaia","crassinervia","50ha","unlogged"
"Aglaia edulis","Meliaceae","Aglaia","edulis","50ha","unlogged"
"Aglaia elliptica","Meliaceae","Aglaia","elliptica","50ha","unlogged"
"Aglaia grandis","Meliaceae","Aglaia","grandis","50ha","unlogged"
"Aglaia luzoniensis","Meliaceae","Aglaia","luzoniensis","50ha","unlogged"
"Aglaia macrocarpa","Meliaceae","Aglaia","macrocarpa","50ha","unlogged"
"Aglaia odoratissima","Meliaceae","Aglaia","odoratissima","50ha, CP","both"
"Aglaia oligophylla","Meliaceae","Aglaia","oligophylla","50ha","unlogged"
"Aglaia silvestris","Meliaceae","Aglaia","silvestris","50ha, CP","both"
"Aglaia spectabilis","Meliaceae","Aglaia","spectabilis","50ha, CP","both"
"Aglaia tomentosa","Meliaceae","Aglaia","tomentosa","50ha, CP","both"
"Aglaia unknown mixed","Meliaceae","Aglaia","unknown mixed","50ha, CP","both"
"Alangium javanicum","Alangiaceae","Alangium","javanicum","50ha, CP","both"
"Allophylus cobbe","Sapindaceae","Allophylus","cobbe","50ha","unlogged"
"Alseodaphne bancana","Lauraceae","Alseodaphne","bancana","50ha","unlogged"
"Alseodaphne unknown mixed","Lauraceae","Alseodaphne","unknown mixed","50ha, CP","both"
"Alstonia angustifolia","Apocynaceae","Alstonia","angustifolia","50ha, CP","both"
"Alstonia iwagighensis","Apocynaceae","Alstonia","iwagighensis","50ha","unlogged"
"Anaxagorea javanica","Annonaceae","Anaxagorea","javanica","50ha","unlogged"
"Anisophyllea beccariana","Anisophylleaceae","Anisophyllea","beccariana","50ha","unlogged"
"Anisophyllea cornerii","Anisophylleaceae","Anisophyllea","cornerii","50ha, CP","both"
"Anisoptera costata","Dipterocarpaceae","Anisoptera","costata","50ha, CP","both"
"Antiaris toxicaria","Moraceae","Antiaris","toxicaria","50ha","unlogged"
"Antidesma leucopodum","Phyllanthaceae","Antidesma","leucopodum","50ha","unlogged"
"Antidesma neurocarpum","Phyllanthaceae","Antidesma","neurocarpum","50ha","unlogged"
"Antidesma species 1","Phyllanthaceae","Antidesma","species 1","CP","logged"
"Antidesma tomentosum","Phyllanthaceae","Antidesma","tomentosum","50ha","unlogged"
"Antidesma unknown mixed","Phyllanthaceae","Antidesma","unknown mixed","50ha, CP","both"
"Aphanamixis borneensis","Meliaceae","Aphanamixis","borneensis","50ha","unlogged"
"Aphanamixis unknown mixed","Meliaceae","Aphanamixis","unknown mixed","50ha","unlogged"
"Aporusa elmeri","Phyllanthaceae","Aporusa","elmeri","CP","logged"
"Aporusa falcifera","Phyllanthaceae","Aporusa","falcifera","CP","logged"
"Aporusa frutescens","Phyllanthaceae","Aporusa","frutescens","CP","logged"
"Aporusa grandistipula","Phyllanthaceae","Aporusa","grandistipula","CP","logged"
"Aporusa illustris","Phyllanthaceae","Aporusa","illustris","CP","logged"
"Aporusa unknown mixed","Phyllanthaceae","Aporusa","unknown mixed","CP","logged"
"Aquilaria beccariana","Thymelaeaceae","Aquilaria","beccariana","50ha","unlogged"
"Archidendron microcarpum","Fabaceae-mimosoideae","Archidendron","microcarpum","50ha","unlogged"
"Archidendron unknown mixed","Fabaceae-mimosoideae","Archidendron","unknown mixed","50ha","unlogged"
"Ardisia  colorata","Primulaceae","Ardisia ","colorata","CP","logged"
"Ardisia  macrophylla","Primulaceae","Ardisia ","macrophylla","CP","logged"
"Ardisia  unknown mixed","Primulaceae","Ardisia ","unknown mixed","CP","logged"
"Artocarpus anisophyllus","Moraceae","Artocarpus","anisophyllus","50ha, CP","both"
"Artocarpus elasticus","Moraceae","Artocarpus","elasticus","CP","logged"
"Artocarpus heterophyllus","Moraceae","Artocarpus","heterophyllus","CP","logged"
"Artocarpus unknown mixed","Moraceae","Artocarpus","unknown mixed","CP","logged"
"Atuna racemosa","Chrysobalanaceae","Atuna","racemosa","CP","logged"
"Azadirachta excelsa","Meliaceae","Azadirachta","excelsa","50ha, CP","both"
"Baccaurea edulis","Phyllanthaceae","Baccaurea","edulis","50ha","unlogged"
"Baccaurea lanceolata","Phyllanthaceae","Baccaurea","lanceolata","50ha, CP","both"
"Baccaurea macrocarpa","Phyllanthaceae","Baccaurea","macrocarpa","50ha, CP","both"
"Baccaurea parviflora","Phyllanthaceae","Baccaurea","parviflora","50ha","unlogged"
"Baccaurea species 1","Phyllanthaceae","Baccaurea","species 1","50ha","unlogged"
"Baccaurea stipulata","Phyllanthaceae","Baccaurea","stipulata","CP","logged"
"Baccaurea tetrandra","Phyllanthaceae","Baccaurea","tetrandra","50ha, CP","both"
"Baccaurea unknown mixed","Phyllanthaceae","Baccaurea","unknown mixed","50ha, CP","both"
"Barringtonia lanceolata","Barringtoniaceae","Barringtonia","lanceolata","50ha, CP","both"
"Barringtonia macrostachya","Barringtoniaceae","Barringtonia","macrostachya","50ha, CP","both"
"Barringtonia unknown mixed","Lecythidaceae","Barringtonia","unknown mixed","50ha","unlogged"
"Beilschmiedia Unknown species 1","Lauraceae","Beilschmiedia","Unknown species 1","50ha","unlogged"
"Beilschmiedia assamica","Lauraceae","Beilschmiedia","assamica","50ha","unlogged"
"Beilschmiedia cuadrae","Lauraceae","Beilschmiedia","cuadrae","50ha, CP","both"
"Beilschmiedia micrantha","Lauraceae","Beilschmiedia","micrantha","50ha, CP","both"
"Beilschmiedia tawaensis","Lauraceae","Beilschmiedia","tawaensis","50ha, CP","both"
"Beilschmiedia unknown mixed","Lauraceae","Beilschmiedia","unknown mixed","CP","logged"
"Bhesa paniculata","Celastraceae","Bhesa","paniculata","50ha","unlogged"
"Blumeodendron kurzii","Euphorbiaceae","Blumeodendron","kurzii","50ha, CP","both"
"Blumeodendron tokbrai","Euphorbiaceae","Blumeodendron","tokbrai","50ha, CP","both"
"Bridelia ","Phyllanthaceae","Bridelia","","50ha","unlogged"
"Bridelia griffithii","Phyllanthaceae","Bridelia","griffithii","50ha","unlogged"
"Bridelia penangensis","Phyllanthaceae","Bridelia","penangensis","50ha, CP","both"
"Brownlowia peltata","Malvaceae","Brownlowia","peltata","50ha, CP","both"
"Brownlowia stipulata","Malvaceae","Brownlowia","stipulata","50ha, CP","both"
"Buchanania arborescens","Anacardiaceae","Buchanania","arborescens","50ha","unlogged"
"Buchanania sessilifolia","Anacardiaceae","Buchanania","sessilifolia","50ha, CP","both"
"Buchanania unknown mixed","Anacardiaceae","Buchanania","unknown mixed","50ha","unlogged"
"Callicarpa longifolia","Lamiaceae","Callicarpa","longifolia","50ha","unlogged"
"Callicarpa pentandra","Lamiaceae","Callicarpa","pentandra","50ha, CP","both"
"Callicarpa unknown mixed","Lamiaceae","Callicarpa","unknown mixed","CP","logged"
"Calophyllum blancoi","Calophyllaceae","Calophyllum","blancoi","50ha, CP","both"
"Calophyllum gracilipes","Calophyllaceae","Calophyllum","gracilipes","50ha, CP","both"
"Calophyllum pulcherrimum","Clusiaceae","Calophyllum","pulcherrimum","50ha","unlogged"
"Calophyllum soulattri","Calophyllaceae","Calophyllum","soulattri","50ha, CP","both"
"Calophyllum species 1","Clusiaceae","Calophyllum","species 1","50ha","unlogged"
"Calophyllum species 2","Clusiaceae","Calophyllum","species 2","50ha","unlogged"
"Calophyllum venulosum","Clusiaceae","Calophyllum","venulosum","50ha","unlogged"
"Cananga odorata","Annonaceae","Cananga","odorata","50ha","unlogged"
"Canarium decumanum","Burseraceae","Canarium","decumanum","CP","logged"
"Canarium denticulatum","Burseraceae","Canarium","denticulatum","CP","logged"
"Canarium odontophyllum","Burseraceae","Canarium","odontophyllum","CP","logged"
"Canarium unknown mixed","Burseraceae","Canarium","unknown mixed","CP","logged"
"Carallia borneensis","Rhizophoraceae","Carallia","borneensis","50ha","unlogged"
"Carallia species 1","Rhizophoraceae","Carallia","species 1","50ha","unlogged"
"Caryodaphnopsis tonkinensis","Lauraceae","Caryodaphnopsis","tonkinensis","50ha, CP","both"
"Casearia grewiifolia","Sapindaceae","Casearia","grewiifolia","50ha, CP","both"
"Castanopsis hypophoenicea","Fagaceae","Castanopsis","hypophoenicea","50ha, CP","both"
"Castanopsis motleyana","Fagaceae","Castanopsis","motleyana","CP","logged"
"Castanopsis unknown mixed","Fagaceae","Castanopsis","unknown mixed","50ha","unlogged"
"Chionanthus curvicarpus","Oleaceae","Chionanthus","curvicarpus","50ha","unlogged"
"Chionanthus macrocarpus","Oleaceae","Chionanthus","macrocarpus","50ha","unlogged"
"Chionanthus pluriflorus","Oleaceae","Chionanthus","pluriflorus","50ha, CP","both"
"Chionanthus unknown mixed","Oleaceae","Chionanthus","unknown mixed","50ha, CP","both"
"Chisocheton ceramicus","Meliaceae","Chisocheton","ceramicus","50ha","unlogged"
"Chisocheton macranthus","Meliaceae","Chisocheton","macranthus","50ha, CP","both"
"Chisocheton patens","Meliaceae","Chisocheton","patens","50ha, CP","both"
"Chisocheton pentandrus","Meliaceae","Chisocheton","pentandrus","50ha, CP","both"
"Chisocheton polyandrus","Meliaceae","Chisocheton","polyandrus","50ha","unlogged"
"Chisocheton sarawakensis","Meliaceae","Chisocheton","sarawakensis","50ha, CP","both"
"Chisocheton unknown mixed","Meliaceae","Chisocheton","unknown mixed","50ha, CP","both"
"Cinnamomum griffithii","Lauraceae","Cinnamomum","griffithii","50ha, CP","both"
"Cinnamomum racemosum","Lauraceae","Cinnamomum","racemosum","50ha","unlogged"
"Cinnamomum unknown mixed","Lauraceae","Cinnamomum","unknown mixed","50ha, CP","both"
"Clausena excavata","Rutaceae","Clausena","excavata","50ha, CP","both"
"Clausena unknown","Rutaceae","Clausena","unknown","50ha","unlogged"
"Cleistanthus hirsutulus","Phyllanthaceae","Cleistanthus","hirsutulus","50ha, CP","both"
"Cleistanthus myrianthus","Phyllanthaceae","Cleistanthus","myrianthus","CP","logged"
"Cleistanthus podopixys","Phyllanthaceae","Cleistanthus","podopixys","50ha, CP","both"
"Cleistanthus species 2","Phyllanthaceae","Cleistanthus","species 2","50ha","unlogged"
"Cleistanthus unknown mixed","Phyllanthaceae","Cleistanthus","unknown mixed","50ha, CP","both"
"Coelostegia borneensis","Malvaceae","Coelostegia","borneensis","50ha, CP","both"
"Cowiea borneensis","Rubiaceae","Cowiea","borneensis","50ha","unlogged"
"Crateva magna","Capparaceae","Crateva","magna","50ha","unlogged"
"Cratoxylum cochinchinense","Clusiaceae","Cratoxylum","cochinchinense","50ha","unlogged"
"Cratoxylum unknown mixed","Hypericaceae","Cratoxylum","unknown mixed","CP","logged"
"Croton argyratus","Euphorbiaceae","Croton","argyratus","CP","logged"
"Croton oblongus","Euphorbiaceae","Croton","oblongus","50ha","unlogged"
"Croton unknown mixed","Euphorbiaceae","Croton","unknown mixed","50ha","unlogged"
"Crudia reticulata","Fabaceae-caesalpinioideae","Crudia","reticulata","50ha","unlogged"
"Crudia tenuipes","Fabaceae","Crudia","tenuipes","50ha, CP","both"
"Crudia unknown mixed","Fabaceae","Crudia","unknown mixed","CP","logged"
"Crypteronia griffithii","Crypteroniaceae","Crypteronia","griffithii","50ha","unlogged"
"Cryptocarya erectinervia","Lauraceae","Cryptocarya","erectinervia","50ha, CP","both"
"Cryptocarya pulchrinervia","Lauraceae","Cryptocarya","pulchrinervia","50ha, CP","both"
"Cryptocarya strictifolia","Lauraceae","Cryptocarya","strictifolia","CP","logged"
"Cryptocarya teysmanniana","Lauraceae","Cryptocarya","teysmanniana","50ha","unlogged"
"Cryptocarya unknown mixed","Lauraceae","Cryptocarya","unknown mixed","CP","logged"
"Cyathocalyx magnifructus","Annonaceae","Cyathocalyx","magnifructus","50ha, CP","both"
"Cynometra elmeri","Fabaceae-caesalpinioideae","Cynometra","elmeri","50ha","unlogged"
"Cynometra mirabilis","Fabaceae","Cynometra","mirabilis","50ha, CP","both"
"Dacryodes laxa","Burseraceae","Dacryodes","laxa","50ha","unlogged"
"Dacryodes rostrata","Burseraceae","Dacryodes","rostrata","50ha, CP","both"
"Dacryodes rugosa","Burseraceae","Dacryodes","rugosa","50ha, CP","both"
"Dacryodes species 1","Burseraceae","Dacryodes","species 1","50ha","unlogged"
"Dacryodes unknown mixed","Burseraceae","Dacryodes","unknown mixed","CP","logged"
"Decaspermum parviflorum","Myrtaceae","Decaspermum","parviflorum","50ha","unlogged"
"Dehaasia caesia","Lauraceae","Dehaasia","caesia","50ha, CP","both"
"Dehaasia gigantocarpa","Lauraceae","Dehaasia","gigantocarpa","50ha","unlogged"
"Dehaasia incrassata","Lauraceae","Dehaasia","incrassata","50ha, CP","both"
"Dehaasia unknown mixed","Lauraceae","Dehaasia","unknown mixed","50ha, CP","both"
"Dendrocnide elliptica","Urticaceae","Dendrocnide","elliptica","50ha, CP","both"
"Dendrocnide stimulans","Urticaceae","Dendrocnide","stimulans","50ha","unlogged"
"Dendrocnide unknown mixed","Urticaceae","Dendrocnide","unknown mixed","50ha, CP","both"
"Dialium indum","Fabaceae-caesalpinioideae","Dialium","indum","50ha","unlogged"
"Dialium unknown mixed","Fabaceae-caesalpinioideae","Dialium","unknown mixed","50ha","unlogged"
"Dillenia borneensis","Dilleniaceae","Dillenia","borneensis","50ha","unlogged"
"Dillenia excelsa","Dilleniaceae","Dillenia","excelsa","50ha, CP","both"
"Dillenia species 1","Dilleniaceae","Dillenia","species 1","50ha, CP","both"
"Dimocarpus dentatus","Sapindaceae","Dimocarpus","dentatus","50ha, CP","both"
"Dimocarpus fumatus","Sapindaceae","Dimocarpus","fumatus","50ha","unlogged"
"Dimocarpus longan","Sapindaceae","Dimocarpus","longan","50ha, CP","both"
"Dimorphocalyx murinus","Euphorbiaceae","Dimorphocalyx","murinus","50ha, CP","both"
"Diospyros andamanica","Ebenaceae","Diospyros","andamanica","50ha, CP","both"
"Diospyros borneensis","Ebenaceae","Diospyros","borneensis","50ha","unlogged"
"Diospyros cauliflora","Ebenaceae","Diospyros","cauliflora","50ha, CP","both"
"Diospyros curranii","Ebenaceae","Diospyros","curranii","50ha, CP","both"
"Diospyros daemona","Ebenaceae","Diospyros","daemona","50ha","unlogged"
"Diospyros dictyoneura","Ebenaceae","Diospyros","dictyoneura","50ha, CP","both"
"Diospyros diepenhorstii","Ebenaceae","Diospyros","diepenhorstii","50ha","unlogged"
"Diospyros elliptifolia","Ebenaceae","Diospyros","elliptifolia","50ha, CP","both"
"Diospyros euphlebia","Ebenaceae","Diospyros","euphlebia","50ha, CP","both"
"Diospyros frutescens","Ebenaceae","Diospyros","frutescens","50ha, CP","both"
"Diospyros macrophylla","Ebenaceae","Diospyros","macrophylla","50ha, CP","both"
"Diospyros muricata","Ebenaceae","Diospyros","muricata","50ha, CP","both"
"Diospyros pilosanthera","Ebenaceae","Diospyros","pilosanthera","50ha, CP","both"
"Diospyros pyrrhocarpa","Ebenaceae","Diospyros","pyrrhocarpa","50ha","unlogged"
"Diospyros species 1","Ebenaceae","Diospyros","species 1","50ha","unlogged"
"Diospyros species 2","Ebenaceae","Diospyros","species 2","50ha","unlogged"
"Diospyros species 3","Ebenaceae","Diospyros","species 3","50ha","unlogged"
"Diospyros species 4","Ebenaceae","Diospyros","species 4","50ha","unlogged"
"Diospyros species 6","Ebenaceae","Diospyros","species 6","50ha","unlogged"
"Diospyros species 7","Ebenaceae","Diospyros","species 7","50ha","unlogged"
"Diospyros squamaefolia","Ebenaceae","Diospyros","squamaefolia","50ha","unlogged"
"Diospyros toposia","Ebenaceae","Diospyros","toposia","50ha, CP","both"
"Diospyros tuberculata","Ebenaceae","Diospyros","tuberculata","50ha, CP","both"
"Diospyros unknown mixed","Ebenaceae","Diospyros","unknown mixed","CP","logged"
"Diospyros wallichii","Ebenaceae","Diospyros","wallichii","50ha","unlogged"
"Diplospora malaccensis","Rubiaceae","Diplospora","malaccensis","50ha, CP","both"
"Diplospora unknown mixed","Rubiaceae","Diplospora","unknown mixed","50ha","unlogged"
"Dipterocarpus applanatus","Dipterocarpaceae","Dipterocarpus","applanatus","CP","logged"
"Dipterocarpus caudiferus","Dipterocarpaceae","Dipterocarpus","caudiferus","CP","logged"
"Dipterocarpus unknown mixed","Dipterocarpaceae","Dipterocarpus","unknown mixed","CP","logged"
"Dracontomelon costatum","Anacardiaceae","Dracontomelon","costatum","50ha","unlogged"
"Dracontomelon dao","Anacardiaceae","Dracontomelon","dao","50ha, CP","both"
"Dracontomelon unknown mixed","Anacardiaceae","Dracontomelon","unknown mixed","50ha","unlogged"
"Drepanthus havilandii","Annonaceae","Drepanthus","havilandii","CP","logged"
"Dryobalanops lanceolata","Dipterocarpaceae","Dryobalanops","lanceolata","50ha, CP","both"
"Drypetes castilloi","Putranjivaceae","Drypetes","castilloi","50ha, CP","both"
"Drypetes eriocarpa","Putranjivaceae","Drypetes","eriocarpa","50ha, CP","both"
"Drypetes longifolia","Putranjivaceae","Drypetes","longifolia","50ha, CP","both"
"Drypetes subcrenata","Putranjivaceae","Drypetes","subcrenata","50ha","unlogged"
"Drypetes unknown mixed","Putranjivaceae","Drypetes","unknown mixed","50ha, CP","both"
"Duabanga moluccana","Sonneratiaceae","Duabanga","moluccana","50ha, CP","both"
"Durio graveolens","Malvaceae","Durio","graveolens","50ha, CP","both"
"Durio unknown mixed","Malvaceae","Durio","unknown mixed","50ha, CP","both"
"Dysoxylum alliaceum","Meliaceae","Dysoxylum","alliaceum","50ha","unlogged"
"Dysoxylum arborescens","Meliaceae","Dysoxylum","arborescens","50ha","unlogged"
"Dysoxylum cauliflorum","Meliaceae","Dysoxylum","cauliflorum","50ha","unlogged"
"Dysoxylum cyrtobotryum","Meliaceae","Dysoxylum","cyrtobotryum","50ha, CP","both"
"Dysoxylum excelsum","Meliaceae","Dysoxylum","excelsum","50ha","unlogged"
"Dysoxylum gaudichaudianum","Meliaceae","Dysoxylum","gaudichaudianum","50ha","unlogged"
"Dysoxylum grande","Meliaceae","Dysoxylum","grande","50ha","unlogged"
"Dysoxylum oppositifolium","Meliaceae","Dysoxylum","oppositifolium","50ha","unlogged"
"Dysoxylum parasiticum","Meliaceae","Dysoxylum","parasiticum","50ha","unlogged"
"Dysoxylum rigidum","Meliaceae","Dysoxylum","rigidum","50ha, CP","both"
"Dysoxylum unknown mixed","Meliaceae","Dysoxylum","unknown mixed","50ha, CP","both"
"Elaeocarpus brunnescens","Elaeocarpaceae","Elaeocarpus","brunnescens","50ha","unlogged"
"Elaeocarpus stipularis","Elaeocarpaceae","Elaeocarpus","stipularis","50ha, CP","both"
"Elaeocarpus unknown mixed","Elaeocarpaceae","Elaeocarpus","unknown mixed","50ha, CP","both"
"Endospermum diadenum","Euphorbiaceae","Endospermum","diadenum","50ha, CP","both"
"Engelhardia danumensis","Juglandaceae","Engelhardia","danumensis","50ha","unlogged"
"Erycibe borneensis","Convolvulaceae","Erycibe","borneensis","50ha, CP","both"
"Erythroxylum cuneatum","Erythroxylaceae","Erythroxylum","cuneatum","50ha","unlogged"
"Eurycoma longifolia","Simaroubaceae","Eurycoma","longifolia","50ha","unlogged"
"Eusideroxylon zwageri","Lauraceae","Eusideroxylon","zwageri","50ha, CP","both"
"Fagraea cuspidata","Gentianaceae","Fagraea","cuspidata","50ha, CP","both"
"Fagraea unknown mixed","Gentianaceae","Fagraea","unknown mixed","50ha","unlogged"
"Ficus beccarii","Moraceae","Ficus","beccarii","50ha","unlogged"
"Ficus lepicarpa","Moraceae","Ficus","lepicarpa","50ha","unlogged"
"Ficus mixed","Moraceae","Ficus","mixed","50ha","unlogged"
"Ficus obscura","Moraceae","Ficus","obscura","50ha","unlogged"
"Ficus sinuata","Moraceae","Ficus","sinuata","50ha","unlogged"
"Ficus species 1","Moraceae","Ficus","species 1","50ha","unlogged"
"Ficus species 2","Moraceae","Ficus","species 2","50ha","unlogged"
"Ficus species 3","Moraceae","Ficus","species 3","50ha","unlogged"
"Ficus species 4","Moraceae","Ficus","species 4","50ha","unlogged"
"Ficus species 5","Moraceae","Ficus","species 5","50ha","unlogged"
"Ficus species 6","Moraceae","Ficus","species 6","50ha","unlogged"
"Ficus species 7","Moraceae","Ficus","species 7","50ha","unlogged"
"Ficus species 8","Moraceae","Ficus","species 8","50ha","unlogged"
"Ficus stolonifera","Moraceae","Ficus","stolonifera","50ha","unlogged"
"Ficus unknown mixed","Moraceae","Ficus","unknown mixed","CP","logged"
"Ficus variegata","Moraceae","Ficus","variegata","50ha, CP","both"
"Flacourtia rukam","Salicaceae","Flacourtia","rukam","50ha","unlogged"
"Fordia brachybotrys","Fabaceae","Fordia","brachybotrys","50ha, CP","both"
"Fordia gibbsiae","Fabaceae","Fordia","gibbsiae","50ha","unlogged"
"Fordia species 1","Fabaceae","Fordia","species 1","50ha","unlogged"
"Fordia species 3","Fabaceae","Fordia","species 3","50ha","unlogged"
"Fordia splendidissima","Fabaceae","Fordia","splendidissima","50ha, CP","both"
"Fordia unknown mixed","Fabaceae","Fordia","unknown mixed","CP","logged"
"Galearia fulva","Pandaceae","Galearia","fulva","50ha, CP","both"
"Garcinia andersonii","Clusiaceae","Garcinia","andersonii","50ha, CP","both"
"Garcinia forbesii","Clusiaceae","Garcinia","forbesii","50ha, CP","both"
"Garcinia gaudichaudii","Clusiaceae","Garcinia","gaudichaudii","50ha","unlogged"
"Garcinia parvifolia","Clusiaceae","Garcinia","parvifolia","50ha","unlogged"
"Garcinia unknown mixed","Clusiaceae","Garcinia","unknown mixed","CP","logged"
"Gardenia carinata","Rubiaceae","Gardenia","carinata","50ha","unlogged"
"Gironniera nervosa","Ulmaceae","Gironniera","nervosa","50ha, CP","both"
"Gironniera species 1","Cannabaceae","Gironniera","species 1","50ha","unlogged"
"Glochidion borneensis","Phyllanthaceae","Glochidion","borneensis","50ha","unlogged"
"Glochidion elmari","Phyllanthaceae","Glochidion","elmari","50ha, CP","both"
"Glochidion lanceisepalum","Phyllanthaceae","Glochidion","lanceisepalum","50ha, CP","both"
"Glochidion pubicapsa","Phyllanthaceae","Glochidion","pubicapsa","50ha, CP","both"
"Glochidion rubrum","Phyllanthaceae","Glochidion","rubrum","50ha, CP","both"
"Glochidion species 1","Phyllanthaceae","Glochidion","species 1","50ha","unlogged"
"Glochidion species 2","Phyllanthaceae","Glochidion","species 2","50ha","unlogged"
"Glochidion species 3","Phyllanthaceae","Glochidion","species 3","50ha","unlogged"
"Glochidion species 4","Phyllanthaceae","Glochidion","species 4","50ha","unlogged"
"Glochidion species 6","Phyllanthaceae","Glochidion","species 6","50ha","unlogged"
"Glochidion unknown mixed","Phyllanthaceae","Glochidion","unknown mixed","50ha, CP","both"
"Glycosmis chlorosperma","Rutaceae","Glycosmis","chlorosperma","50ha","unlogged"
"Glycosmis macrantha","Rutaceae","Glycosmis","macrantha","50ha, CP","both"
"Glycosmis unknown mixed","Rutaceae","Glycosmis","unknown mixed","50ha","unlogged"
"Gomphandra quadrifida","Stemonuraceae","Gomphandra","quadrifida","50ha","unlogged"
"Goniothalamus gigantifolius","Annonaceae","Goniothalamus","gigantifolius","50ha","unlogged"
"Goniothalamus species 1","Annonaceae","Goniothalamus","species 1","50ha","unlogged"
"Goniothalamus species 2","Annonaceae","Goniothalamus","species 2","50ha","unlogged"
"Goniothalamus species 3","Annonaceae","Goniothalamus","species 3","50ha","unlogged"
"Goniothalamus uvarioides","Annonaceae","Goniothalamus","uvarioides","50ha, CP","both"
"Goniothalamus woodii","Annonaceae","Goniothalamus","woodii","50ha","unlogged"
"Gonocaryum calleryanum","Cardiopteridaceae","Gonocaryum","calleryanum","50ha","unlogged"
"Gonocaryum macrophyllum","Cardiopteridaceae","Gonocaryum","macrophyllum","50ha","unlogged"
"Gonystylus keithii","Thymelaeaceae","Gonystylus","keithii","50ha","unlogged"
"Guioa pleuropteris","Sapindaceae","Guioa","pleuropteris","50ha, CP","both"
"Hancea penangensis","Euphorbiaceae","Hancea","penangensis","50ha","unlogged"
"Harpullia arborea","Sapindaceae","Harpullia","arborea","50ha","unlogged"
"Harpullia species 1","Sapindaceae","Harpullia","species 1","50ha","unlogged"
"Helicia excelsa","Proteaceae","Helicia","excelsa","50ha, CP","both"
"Helicia robusta","Proteaceae","Helicia","robusta","50ha, CP","both"
"Heliciopsis artocarpoides","Proteaceae","Heliciopsis","artocarpoides","50ha","unlogged"
"Heritiera elata","Malvaceae","Heritiera","elata","50ha","unlogged"
"Homalium foetidum","Salicaceae","Homalium","foetidum","50ha","unlogged"
"Hopea ferruginea","Dipterocarpaceae","Hopea","ferruginea","50ha, CP","both"
"Hopea nervosa","Dipterocarpaceae","Hopea","nervosa","50ha, CP","both"
"Hopea pentanervia","Dipterocarpaceae","Hopea","pentanervia","50ha","unlogged"
"Hopea plagata","Dipterocarpaceae","Hopea","plagata","50ha","unlogged"
"Hopea sangal","Dipterocarpaceae","Hopea","sangal","50ha, CP","both"
"Hopea unknown mixed","Dipterocarpaceae","Hopea","unknown mixed","50ha, CP","both"
"Horsfieldia irya","Myristicaceae","Horsfieldia","irya","50ha","unlogged"
"Horsfieldia polyspherula","Myristicaceae","Horsfieldia","polyspherula","50ha, CP","both"
"Horsfieldia unknown mixed","Myristicaceae","Horsfieldia","unknown mixed","50ha","unlogged"
"Hubera rumphii","Annonaceae","Hubera","rumphii","CP","logged"
"Hydnocarpus anomala","Achariaceae","Hydnocarpus","anomala","CP","logged"
"Hydnocarpus anomalus","Achariaceae","Hydnocarpus","anomalus","50ha, CP","both"
"Hydnocarpus borneensis","Achariaceae","Hydnocarpus","borneensis","50ha, CP","both"
"Hydnocarpus polypetalus","Achariaceae","Hydnocarpus","polypetalus","50ha","unlogged"
"Hydnocarpus unknown mixed","Achariaceae","Hydnocarpus","unknown mixed","50ha, CP","both"
"Intsia palembanica","Fabaceae","Intsia","palembanica","50ha, CP","both"
"Intsia unknown mixed","Fabaceae","Intsia","unknown mixed","50ha","unlogged"
"Irvingia malayana","Irvingiaceae","Irvingia","malayana","50ha","unlogged"
"Ixora blumei","Rubiaceae","Ixora","blumei","50ha, CP","both"
"Ixora brevicaudata","Rubiaceae","Ixora","brevicaudata","50ha","unlogged"
"Ixora grandifolia","Rubiaceae","Ixora","grandifolia","50ha, CP","both"
"Ixora unknown mixed","Rubiaceae","Ixora","unknown mixed","50ha","unlogged"
"Kayea oblongifolia","Clusiaceae","Kayea","oblongifolia","50ha","unlogged"
"Kayea unknown mixed","Calophyllaceae","Kayea","unknown mixed","CP","logged"
"Kibara obtusa","Monimiaceae","Kibara","obtusa","50ha, CP","both"
"Knema cinerea","Myristicaceae","Knema","cinerea","50ha","unlogged"
"Knema elmeri","Myristicaceae","Knema","elmeri","50ha, CP","both"
"Knema furfuracea","Myristicaceae","Knema","furfuracea","50ha","unlogged"
"Knema glomerata","Myristicaceae","Knema","glomerata","50ha","unlogged"
"Knema kostermannsiana","Myristicaceae","Knema","kostermannsiana","50ha","unlogged"
"Knema latericia","Myristicaceae","Knema","latericia","50ha, CP","both"
"Knema laurina","Myristicaceae","Knema","laurina","50ha, CP","both"
"Knema oblongata","Myristicaceae","Knema","oblongata","50ha","unlogged"
"Knema pectinata","Myristicaceae","Knema","pectinata","CP","logged"
"Knema pulchra","Myristicaceae","Knema","pulchra","50ha","unlogged"
"Knema unknown mixed","Myristicaceae","Knema","unknown mixed","50ha, CP","both"
"Koilodepas laevigatum","Euphorbiaceae","Koilodepas","laevigatum","50ha","unlogged"
"Koilodepas longifolium","Euphorbiaceae","Koilodepas","longifolium","50ha, CP","both"
"Kokoona ochracea","Celastraceae","Kokoona","ochracea","50ha","unlogged"
"Koompassia excelsa","Fabaceae","Koompassia","excelsa","50ha, CP","both"
"Kopsia pauciflora","Apocynaceae","Kopsia","pauciflora","50ha","unlogged"
"Lansium domesticum","Meliaceae","Lansium","domesticum","50ha, CP","both"
"Lasianthus borneensis","Rubiaceae","Lasianthus","borneensis","50ha","unlogged"
"Lasianthus maingayi","Rubiaceae","Lasianthus","maingayi","50ha","unlogged"
"Lasianthus species 1","Rubiaceae","Lasianthus","species 1","50ha","unlogged"
"Lasianthus species 2","Rubiaceae","Lasianthus","species 2","50ha","unlogged"
"Lasianthus species 3","Rubiaceae","Lasianthus","species 3","50ha","unlogged"
"Lasianthus unknown mixed","Rubiaceae","Lasianthus","unknown mixed","50ha","unlogged"
"Leea aculeata","Leeaceae","Leea","aculeata","50ha, CP","both"
"Leea indica","Vitaceae","Leea","indica","50ha","unlogged"
"Lepisanthes fruticosa","Sapindaceae","Lepisanthes","fruticosa","50ha","unlogged"
"Lepisanthes senegalensis","Sapindaceae","Lepisanthes","senegalensis","50ha, CP","both"
"Lepisanthes tetraphylla","Sapindaceae","Lepisanthes","tetraphylla","50ha","unlogged"
"Lepisanthes unknown mixed","Sapindaceae","Lepisanthes","unknown mixed","50ha, CP","both"
"Licania splendens","Chrysobalanaceae","Licania","splendens","50ha","unlogged"
"Lithocarpus ewyckii","Fagaceae","Lithocarpus","ewyckii","50ha, CP","both"
"Lithocarpus gracilis","Fagaceae","Lithocarpus","gracilis","50ha, CP","both"
"Lithocarpus leptogyne","Fagaceae","Lithocarpus","leptogyne","50ha, CP","both"
"Lithocarpus nieuwenhuisii","Fagaceae","Lithocarpus","nieuwenhuisii","50ha, CP","both"
"Lithocarpus species 1","Fagaceae","Lithocarpus","species 1","50ha","unlogged"
"Lithocarpus species 2","Fagaceae","Lithocarpus","species 2","50ha","unlogged"
"Lithocarpus species 3","Fagaceae","Lithocarpus","species 3","50ha","unlogged"
"Lithocarpus species 4","Fagaceae","Lithocarpus","species 4","50ha","unlogged"
"Lithocarpus species 5","Fagaceae","Lithocarpus","species 5","50ha","unlogged"
"Lithocarpus species 6","Fagaceae","Lithocarpus","species 6","50ha","unlogged"
"Lithocarpus species 7","Fagaceae","Lithocarpus","species 7","50ha","unlogged"
"Lithocarpus species 8","Fagaceae","Lithocarpus","species 8","50ha","unlogged"
"Lithocarpus species 9","Fagaceae","Lithocarpus","species 9","50ha","unlogged"
"Lithocarpus unknown mixed","Fagaceae","Lithocarpus","unknown mixed","CP","logged"
"Litsea accedens","Lauraceae","Litsea","accedens","50ha, CP","both"
"Litsea angulata","Lauraceae","Litsea","angulata","50ha, CP","both"
"Litsea caulocarpa","Lauraceae","Litsea","caulocarpa","50ha, CP","both"
"Litsea cordifolia","Lauraceae","Litsea","cordifolia","50ha, CP","both"
"Litsea cuprea","Lauraceae","Litsea","cuprea","50ha","unlogged"
"Litsea curtisii","Lauraceae","Litsea","curtisii","50ha","unlogged"
"Litsea elliptica","Lauraceae","Litsea","elliptica","50ha","unlogged"
"Litsea ferruginea","Lauraceae","Litsea","ferruginea","50ha","unlogged"
"Litsea ficoidea","Lauraceae","Litsea","ficoidea","50ha","unlogged"
"Litsea fulva","Lauraceae","Litsea","fulva","50ha, CP","both"
"Litsea garciae","Lauraceae","Litsea","garciae","50ha, CP","both"
"Litsea grandis","Lauraceae","Litsea","grandis","50ha, CP","both"
"Litsea longifolia","Lauraceae","Litsea","longifolia","50ha","unlogged"
"Litsea machilifolia","Lauraceae","Litsea","machilifolia","50ha","unlogged"
"Litsea oppositifolia","Lauraceae","Litsea","oppositifolia","50ha, CP","both"
"Litsea robusta","Lauraceae","Litsea","robusta","50ha","unlogged"
"Litsea unknown mixed","Lauraceae","Litsea","unknown mixed","50ha, CP","both"
"Lophopetalum beccarianum","Celastraceae","Lophopetalum","beccarianum","50ha, CP","both"
"Lophopetalum javanicum","Celastraceae","Lophopetalum","javanicum","50ha, CP","both"
"Lophopetalum unknown mixed","Celastraceae","Lophopetalum","unknown mixed","50ha","unlogged"
"Ludekia borneensis","Rubiaceae","Ludekia","borneensis","50ha, CP","both"
"Ludekia unknown mixed","Rubiaceae","Ludekia","unknown mixed","CP","logged"
"Maasia sumatrana","Annonaceae","Maasia","sumatrana","CP","logged"
"Macaranga conifera","Euphorbiaceae","Macaranga","conifera","CP","logged"
"Macaranga gigantea","Euphorbiaceae","Macaranga","gigantea","CP","logged"
"Macaranga hypoleuca","Euphorbiaceae","Macaranga","hypoleuca","50ha, CP","both"
"Macaranga pearsonii","Euphorbiaceae","Macaranga","pearsonii","50ha, CP","both"
"Macaranga winkleri","Euphorbiaceae","Macaranga","winkleri","50ha","unlogged"
"Madhuca elmeri","Sapotaceae","Madhuca","elmeri","50ha, CP","both"
"Madhuca kingiana","Sapotaceae","Madhuca","kingiana","50ha, CP","both"
"Madhuca korthalsii","Sapotaceae","Madhuca","korthalsii","50ha, CP","both"
"Madhuca kunstleri","Sapotaceae","Madhuca","kunstleri","50ha","unlogged"
"Madhuca mindanaensis","Sapotaceae","Madhuca","mindanaensis","50ha","unlogged"
"Madhuca unknown mixed","Sapotaceae","Madhuca","unknown mixed","50ha","unlogged"
"Magnolia beccarii","Magnoliaceae","Magnolia","beccarii","50ha","unlogged"
"Magnolia candolii","Magnoliaceae","Magnolia","candolii","50ha, CP","both"
"Magnolia gigantifolia","Magnoliaceae","Magnolia","gigantifolia","50ha, CP","both"
"Mallotus korthalsii","Euphorbiaceae","Mallotus","korthalsii","50ha, CP","both"
"Mallotus lackeyi","Euphorbiaceae","Mallotus","lackeyi","50ha, CP","both"
"Mallotus miquelianus","Euphorbiaceae","Mallotus","miquelianus","50ha","unlogged"
"Mallotus penangensis","Euphorbiaceae","Mallotus","penangensis","CP","logged"
"Mallotus species 1","Euphorbiaceae","Mallotus","species 1","50ha, CP","both"
"Mallotus stipularis","Euphorbiaceae","Mallotus","stipularis","CP","logged"
"Mallotus unknown mixed","Euphorbiaceae","Mallotus","unknown mixed","50ha, CP","both"
"Mallotus wrayi","Euphorbiaceae","Mallotus","wrayi","50ha, CP","both"
"Mangifera foetida","Anacardiaceae","Mangifera","foetida","50ha, CP","both"
"Mangifera indica","Anacardiaceae","Mangifera","indica","50ha","unlogged"
"Mangifera odorata","Anacardiaceae","Mangifera","odorata","50ha","unlogged"
"Mangifera pajang","Anacardiaceae","Mangifera","pajang","50ha, CP","both"
"Mangifera rufocostata","Anacardiaceae","Mangifera","rufocostata","50ha","unlogged"
"Mangifera species 1","Anacardiaceae","Mangifera","species 1","50ha","unlogged"
"Mangifera swintonioides","Anacardiaceae","Mangifera","swintonioides","50ha","unlogged"
"Mangifera unknown mixed","Anacardiaceae","Mangifera","unknown mixed","50ha, CP","both"
"Maranthes corymbosa","Chrysobalanaceae","Maranthes","corymbosa","50ha","unlogged"
"Marsypopetalum pallidum","Annonaceae","Marsypopetalum","pallidum","50ha","unlogged"
"Maschalocarybus corymbosus","Rubiaceae","Maschalocarybus","corymbosus","CP","logged"
"Mastixia trichotoma","Cornaceae","Mastixia","trichotoma","50ha, CP","both"
"Meiogyne virgata","Annonaceae","Meiogyne","virgata","50ha, CP","both"
"Melanochyla auriculata","Anacardiaceae","Melanochyla","auriculata","50ha","unlogged"
"Melanochyla beccariana","Anacardiaceae","Melanochyla","beccariana","50ha, CP","both"
"Melanochyla unknown mixed","Anacardiaceae","Melanochyla","unknown mixed","50ha","unlogged"
"Melastoma malabathricum","Melastomataceae","Melastoma","malabathricum","50ha","unlogged"
"Melicope  lunu-ankenda","Rutaceae","Melicope ","lunu-ankenda","CP","logged"
"Melicope  unknown mixed","Rutaceae","Melicope ","unknown mixed","CP","logged"
"Meliosma pinnata","Sabiaceae","Meliosma","pinnata","50ha, CP","both"
"Meliosma sumatrana","Sabiaceae","Meliosma","sumatrana","50ha, CP","both"
"Memecylon costatum","Memecylaceae","Memecylon","costatum","50ha, CP","both"
"Memecylon laevigatum","Melastomataceae","Memecylon","laevigatum","50ha","unlogged"
"Memecylon oleifolium","Melastomataceae","Memecylon","oleifolium","50ha","unlogged"
"Memecylon paniculatum","Memecylaceae","Memecylon","paniculatum","50ha, CP","both"
"Memecylon species 1","Melastomataceae","Memecylon","species 1","50ha","unlogged"
"Memecylon species 2","Melastomataceae","Memecylon","species 2","50ha","unlogged"
"Memecylon species 3","Melastomataceae","Memecylon","species 3","50ha","unlogged"
"Merope angulata","Rutaceae","Merope","angulata","50ha","unlogged"
"Mesua borneensis","Clusiaceae","Mesua","borneensis","50ha","unlogged"
"Mesua macrantha","Clusiaceae","Mesua","macrantha","50ha","unlogged"
"Mesua unknown mixed","Clusiaceae","Mesua","unknown mixed","50ha","unlogged"
"Microcos antidesmifolia","Malvaceae","Microcos","antidesmifolia","50ha","unlogged"
"Microcos crassifolia","Malvaceae","Microcos","crassifolia","50ha, CP","both"
"Microcos fibrocarpa","Malvaceae","Microcos","fibrocarpa","50ha, CP","both"
"Microcos latistipulata","Malvaceae","Microcos","latistipulata","50ha, CP","both"
"Microcos ossea","Malvaceae","Microcos","ossea","50ha, CP","both"
"Microcos unknown mixed","Malvaceae","Microcos","unknown mixed","50ha, CP","both"
"Mischocarpus pentapetalus","Sapindaceae","Mischocarpus","pentapetalus","50ha","unlogged"
"Monanthocitrus oblanceolata","Rutaceae","Monanthocitrus","oblanceolata","50ha","unlogged"
"Monocarpia borneensis","Annonaceae","Monocarpia","borneensis","50ha","unlogged"
"Monoon erianthoides","Annonaceae","Monoon","erianthoides","50ha, CP","both"
"Monoon grandiflorum","Annonaceae","Monoon","grandiflorum","50ha, CP","both"
"Monoon hookerianum","Annonaceae","Monoon","hookerianum","50ha, CP","both"
"Monoon species 1","Annonaceae","Monoon","species 1","50ha","unlogged"
"Monoon species 2","Annonaceae","Monoon","species 2","50ha","unlogged"
"Monoon xanthopetalum","Annonaceae","Monoon","xanthopetalum","50ha","unlogged"
"Myristica cinnamomea","Myristicaceae","Myristica","cinnamomea","50ha","unlogged"
"Myrmeconauclea strigosa","Rubiaceae","Myrmeconauclea","strigosa","50ha","unlogged"
"NA NA",NA,NA,NA,"CP","logged"
"Nauclea sp1","Rubiaceae","Nauclea","sp1","CP","logged"
"Nauclea subdita","Rubiaceae","Nauclea","subdita","CP","logged"
"Nauclea unknown mixed","Rubiaceae","Nauclea","unknown mixed","50ha, CP","both"
"Neesia synandra","Malvaceae","Neesia","synandra","50ha, CP","both"
"Neesia unknown mixed","Malvaceae","Neesia","unknown mixed","CP","logged"
"Neo-Uvaria acuminatissima","Annonaceae","Neo-Uvaria","acuminatissima","50ha","unlogged"
"Neo-Uvaria unknown mixed","Annonaceae","Neo-Uvaria","unknown mixed","50ha","unlogged"
"Neo-uvaria acuminatissima","Annonaceae","Neo-uvaria","acuminatissima","CP","logged"
"Neolamarckia cadamba","Rubiaceae","Neolamarckia","cadamba","50ha, CP","both"
"Neonauclea  gigantea","Rubiaceae","Neonauclea ","gigantea","CP","logged"
"Neonauclea sp","Rubiaceae","Neonauclea","sp","CP","logged"
"Neonauclea sp1","Rubiaceae","Neonauclea","sp1","CP","logged"
"Neoscortechinia kingii","Euphorbiaceae","Neoscortechinia","kingii","50ha, CP","both"
"Nephelium cuspidatum","Sapindaceae","Nephelium","cuspidatum","50ha, CP","both"
"Nephelium maingayi","Sapindaceae","Nephelium","maingayi","50ha, CP","both"
"Nephelium ramboutan-ake","Sapindaceae","Nephelium","ramboutan-ake","50ha, CP","both"
"Nothaphoebe canascens","Lauraceae","Nothaphoebe","canascens","50ha, CP","both"
"Nothaphoebe heterophylla","Lauraceae","Nothaphoebe","heterophylla","50ha","unlogged"
"Nothaphoebe letophylla","Lauraceae","Nothaphoebe","letophylla","50ha","unlogged"
"Nothaphoebe umbelliflora","Lauraceae","Nothaphoebe","umbelliflora","50ha, CP","both"
"Nothaphoebe unknown mixed","Lauraceae","Nothaphoebe","unknown mixed","CP","logged"
"Nyssa javanica","Nyssaceae","Nyssa","javanica","50ha","unlogged"
"Ochanostachys amentacea","Olacaceae","Ochanostachys","amentacea","50ha, CP","both"
"Octomeles sumatrana","Tetramelaceae","Octomeles","sumatrana","50ha, CP","both"
"Oreocnide trinervis","Urticaceae","Oreocnide","trinervis","50ha","unlogged"
"Ormosia bancana","Fabaceae","Ormosia","bancana","50ha, CP","both"
"Orophea corymbosa","Annonaceae","Orophea","corymbosa","50ha, CP","both"
"Orophea creaghii","Annonaceae","Orophea","creaghii","50ha","unlogged"
"Orophea myriantha","Annonaceae","Orophea","myriantha","50ha, CP","both"
"Palaquium beccarianum","Sapotaceae","Palaquium","beccarianum","50ha, CP","both"
"Palaquium dasyphyllum","Sapotaceae","Palaquium","dasyphyllum","50ha, CP","both"
"Palaquium maingayi","Sapotaceae","Palaquium","maingayi","50ha, CP","both"
"Palaquium sericeum","Sapotaceae","Palaquium","sericeum","50ha","unlogged"
"Palaquium unknown mixed","Sapotaceae","Palaquium","unknown mixed","50ha","unlogged"
"Pangium edule","Achariaceae","Pangium","edule","50ha","unlogged"
"Paranephelium macrophyllum","Sapindaceae","Paranephelium","macrophyllum","50ha, CP","both"
"Paranephelium xestophyllum","Sapindaceae","Paranephelium","xestophyllum","50ha, CP","both"
"Parashorea malaanonan","Dipterocarpaceae","Parashorea","malaanonan","50ha, CP","both"
"Parashorea tomentella","Dipterocarpaceae","Parashorea","tomentella","50ha, CP","both"
"Parastemon urophyllus","Chrysobalanaceae","Parastemon","urophyllus","50ha","unlogged"
"Parinari excelsa","Chrysobalanaceae","Parinari","excelsa","50ha, CP","both"
"Parinari oblongifolia","Chrysobalanaceae","Parinari","oblongifolia","50ha, CP","both"
"Parinari unknown mixed","Chrysobalanaceae","Parinari","unknown mixed","50ha, CP","both"
"Parkia speciosa","Fabaceae-mimosoideae","Parkia","speciosa","50ha","unlogged"
"Parkia unknown mixed","Fabaceae","Parkia","unknown mixed","CP","logged"
"Pavetta wallichiana","Rubiaceae","Pavetta","wallichiana","50ha","unlogged"
"Payena Unknown species1","Sapotaceae","Payena","Unknown species1","50ha","unlogged"
"Payena acuminata","Sapotaceae","Payena","acuminata","50ha, CP","both"
"Payena microphylla","Sapotaceae","Payena","microphylla","50ha, CP","both"
"Payena unknown mixed","Sapotaceae","Payena","unknown mixed","CP","logged"
"Peltophorum racemosum","Fabaceae","Peltophorum","racemosum","50ha, CP","both"
"Pentace adenophora","Malvaceae","Pentace","adenophora","50ha, CP","both"
"Pentace laxiflora","Malvaceae","Pentace","laxiflora","50ha, CP","both"
"Pentace unknown mixed","Malvaceae","Pentace","unknown mixed","CP","logged"
"Phaeanthus ophthalmicus","Annonaceae","Phaeanthus","ophthalmicus","50ha","unlogged"
"Phaeanthus splendens","Annonaceae","Phaeanthus","splendens","50ha, CP","both"
"Phaleria  capitata","Thymelaeaceae","Phaleria ","capitata","CP","logged"
"Phoebe grandis","Lauraceae","Phoebe","grandis","50ha","unlogged"
"Planchonia brevistipitata","Barringtoniaceae","Planchonia","brevistipitata","50ha, CP","both"
"Planchonia unknown","Lecythidaceae","Planchonia","unknown","50ha","unlogged"
"Planchonia unknown mixed","Barringtoniaceae","Planchonia","unknown mixed","CP","logged"
"Planchonia valida","Lecythidaceae","Planchonia","valida","50ha","unlogged"
"Pleiocarpidia sandakanica","Rubiaceae","Pleiocarpidia","sandakanica","50ha, CP","both"
"Polyalthia borneensis","Annonaceae","Polyalthia","borneensis","50ha","unlogged"
"Polyalthia cauliflora","Annonaceae","Polyalthia","cauliflora","50ha, CP","both"
"Polyalthia insignis","Annonaceae","Polyalthia","insignis","50ha","unlogged"
"Polyalthia microtus","Annonaceae","Polyalthia","microtus","50ha","unlogged"
"Polyalthia obliqua","Annonaceae","Polyalthia","obliqua","50ha, CP","both"
"Polyalthia saprosma","Annonaceae","Polyalthia","saprosma","50ha","unlogged"
"Polyalthia species 3","Annonaceae","Polyalthia","species 3","50ha","unlogged"
"Polyosma integrifolia","Polyosmaceae","Polyosma","integrifolia","50ha","unlogged"
"Pometia pinnata","Sapindaceae","Pometia","pinnata","50ha, CP","both"
"Popowia hirtum","Annonaceae","Popowia","hirtum","50ha","unlogged"
"Popowia odoardoi","Annonaceae","Popowia","odoardoi","50ha","unlogged"
"Popowia pisocarpa","Annonaceae","Popowia","pisocarpa","50ha","unlogged"
"Popowia unknown mixed","Annonaceae","Popowia","unknown mixed","50ha","unlogged"
"Prainea limpato","Moraceae","Prainea","limpato","50ha","unlogged"
"Praravinia suberosa","Rubiaceae","Praravinia","suberosa","50ha","unlogged"
"Praravinia unknown mixed","Rubiaceae","Praravinia","unknown mixed","50ha","unlogged"
"Praravinia verruculosa","Rubiaceae","Praravinia","verruculosa","50ha","unlogged"
"Prismatomeris beccariana","Rubiaceae","Prismatomeris","beccariana","50ha","unlogged"
"Prismatomeris species 1","Rubiaceae","Prismatomeris","species 1","50ha","unlogged"
"Prunus polystachya","Rosaceae","Prunus","polystachya","CP","logged"
"Prunus unknown mixed","Rosaceae","Prunus","unknown mixed","CP","logged"
"Pseuduvaria pamattonis","Annonaceae","Pseuduvaria","pamattonis","50ha","unlogged"
"Pseuduvaria reticulata","Annonaceae","Pseuduvaria","reticulata","50ha, CP","both"
"Psychotria species 1","Rubiaceae","Psychotria","species 1","50ha","unlogged"
"Psychotria species 2","Rubiaceae","Psychotria","species 2","50ha","unlogged"
"Psydrax dicoccus","Rubiaceae","Psydrax","dicoccus","50ha, CP","both"
"Pternandra coerulescens","Melastomataceae","Pternandra","coerulescens","50ha, CP","both"
"Pterospermum javanicum","Malvaceae","Pterospermum","javanicum","50ha, CP","both"
"Pterospermum subpeltatum","Malvaceae","Pterospermum","subpeltatum","50ha","unlogged"
"Pterospermum unknown mixed","Malvaceae","Pterospermum","unknown mixed","CP","logged"
"Pterygota alata","Malvaceae","Pterygota","alata","CP","logged"
"Ptychopyxis arborea","Euphorbiaceae","Ptychopyxis","arborea","50ha, CP","both"
"Putranjiva roxburghii","Putranjivaceae","Putranjiva","roxburghii","50ha","unlogged"
"Pyrenaria acuminata","Theaceae","Pyrenaria","acuminata","50ha","unlogged"
"Quercus argentata","Fagaceae","Quercus","argentata","50ha","unlogged"
"Quercus unknown mixed","Fagaceae","Quercus","unknown mixed","50ha","unlogged"
"Reinwardtiodendron humile","Meliaceae","Reinwardtiodendron","humile","50ha, CP","both"
"Rennellia borneensis","Rubiaceae","Rennellia","borneensis","50ha","unlogged"
"Rinorea bengalensis","Violaceae","Rinorea","bengalensis","50ha","unlogged"
"Rinorea congesta","Violaceae","Rinorea","congesta","50ha","unlogged"
"Rinorea unknown","Violaceae","Rinorea","unknown","50ha","unlogged"
"Rothmannia pseudoternisfolia","Rubiaceae","Rothmannia","pseudoternisfolia","50ha, CP","both"
"Ryparosa acuminata","Achariaceae","Ryparosa","acuminata","50ha, CP","both"
"Ryparosa hullettii","Achariaceae","Ryparosa","hullettii","50ha, CP","both"
"Ryparosa unknown mixed","Achariaceae","Ryparosa","unknown mixed","50ha","unlogged"
"Sageraea elliptica","Annonaceae","Sageraea","elliptica","CP","logged"
"Sageraea lanceolata","Annonaceae","Sageraea","lanceolata","50ha","unlogged"
"Sageraea sarawakensis","Annonaceae","Sageraea","sarawakensis","50ha","unlogged"
"Santiria laevigata","Burseraceae","Santiria","laevigata","50ha, CP","both"
"Santiria species 1","Burseraceae","Santiria","species 1","50ha","unlogged"
"Santiria tomentosa","Burseraceae","Santiria","tomentosa","50ha, CP","both"
"Saraca declinata","Fabaceae","Saraca","declinata","50ha","unlogged"
"Saurauia agamae","Actinidiaceae","Saurauia","agamae","50ha","unlogged"
"Saurauia sp","Actinidiaceae","Saurauia","sp","50ha","unlogged"
"Saurauia unknown mixed","Actinidiaceae","Saurauia","unknown mixed","50ha","unlogged"
"Scaphium longiflorum","Malvaceae","Scaphium","longiflorum","CP","logged"
"Scaphium longifolium","Malvaceae","Scaphium","longifolium","CP","logged"
"Scaphium macropodum","Malvaceae","Scaphium","macropodum","50ha, CP","both"
"Scaphium unknown mixed","Malvaceae","Scaphium","unknown mixed","CP","logged"
"Scleropyrum pentandrum","Santalaceae","Scleropyrum","pentandrum","50ha","unlogged"
"Scorodocarpus borneensis","Olacaceae","Scorodocarpus","borneensis","50ha, CP","both"
"Semecarpus bunburyana","Anacardiaceae","Semecarpus","bunburyana","50ha, CP","both"
"Shorea agamii","Dipterocarpaceae","Shorea","agamii","50ha, CP","both"
"Shorea argentifolia","Dipterocarpaceae","Shorea","argentifolia","50ha, CP","both"
"Shorea atrinervosa","Dipterocarpaceae","Shorea","atrinervosa","50ha, CP","both"
"Shorea beccariana","Dipterocarpaceae","Shorea","beccariana","CP","logged"
"Shorea faguetiana","Dipterocarpaceae","Shorea","faguetiana","50ha, CP","both"
"Shorea fallax","Dipterocarpaceae","Shorea","fallax","CP","logged"
"Shorea gibbosa","Dipterocarpaceae","Shorea","gibbosa","50ha, CP","both"
"Shorea johorensis","Dipterocarpaceae","Shorea","johorensis","50ha, CP","both"
"Shorea leprosula","Dipterocarpaceae","Shorea","leprosula","50ha, CP","both"
"Shorea leptoderma","Dipterocarpaceae","Shorea","leptoderma","50ha","unlogged"
"Shorea macrophylla","Dipterocarpaceae","Shorea","macrophylla","CP","logged"
"Shorea macroptera","Dipterocarpaceae","Shorea","macroptera","CP","logged"
"Shorea mecistopteryx","Dipterocarpaceae","Shorea","mecistopteryx","CP","logged"
"Shorea ovalis","Dipterocarpaceae","Shorea","ovalis","CP","logged"
"Shorea ovata","Dipterocarpaceae","Shorea","ovata","CP","logged"
"Shorea parvifolia","Dipterocarpaceae","Shorea","parvifolia","50ha, CP","both"
"Shorea pauciflora","Dipterocarpaceae","Shorea","pauciflora","50ha, CP","both"
"Shorea seminis","Dipterocarpaceae","Shorea","seminis","50ha, CP","both"
"Shorea sp","Dipterocarpaceae","Shorea","sp","CP","logged"
"Shorea superba","Dipterocarpaceae","Shorea","superba","50ha, CP","both"
"Shorea symingtonii","Dipterocarpaceae","Shorea","symingtonii","50ha","unlogged"
"Shorea unknown mixed","Dipterocarpaceae","Shorea","unknown mixed","50ha, CP","both"
"Sindora irpicina","Fabaceae","Sindora","irpicina","50ha, CP","both"
"Sloanea javanica","Elaeocarpaceae","Sloanea","javanica","50ha","unlogged"
"Spathiostemon javensis","Euphorbiaceae","Spathiostemon","javensis","50ha, CP","both"
"Stemonurus grandifolius","Stemonuraceae","Stemonurus","grandifolius","50ha, CP","both"
"Stemonurus malaccensis","Stemonuraceae","Stemonurus","malaccensis","50ha","unlogged"
"Stemonurus scorpiodes","Stemonuraceae","Stemonurus","scorpiodes","50ha, CP","both"
"Stemonurus unknown mixed","Stemonuraceae","Stemonurus","unknown mixed","50ha, CP","both"
"Sterculia coccinia","Malvaceae","Sterculia","coccinia","50ha","unlogged"
"Sterculia cordata","Malvaceae","Sterculia","cordata","50ha, CP","both"
"Sterculia rubiginosa","Malvaceae","Sterculia","rubiginosa","50ha","unlogged"
"Sterculia stipulata","Malvaceae","Sterculia","stipulata","50ha","unlogged"
"Sterculia unknown mixed","Malvaceae","Sterculia","unknown mixed","50ha","unlogged"
"Streblus glaber","Moraceae","Streblus","glaber","50ha","unlogged"
"Strombosia ceylanica","Erythropalaceae","Strombosia","ceylanica","50ha","unlogged"
"Suregada multiflora","Euphorbiaceae","Suregada","multiflora","50ha","unlogged"
"Sympetalandra unijug","Fabaceae","Sympetalandra","unijug","CP","logged"
"Symplocos fasciculata","Symplocaceae","Symplocos","fasciculata","50ha, CP","both"
"Symplocos odoratissima","Symplocaceae","Symplocos","odoratissima","50ha","unlogged"
"Symplocos unknown mixed","Symplocaceae","Symplocos","unknown mixed","CP","logged"
"Syzygium barringtonioides","Myrtaceae","Syzygium","barringtonioides","50ha","unlogged"
"Syzygium christmannii","Myrtaceae","Syzygium","christmannii","50ha","unlogged"
"Syzygium creaghii","Myrtaceae","Syzygium","creaghii","50ha","unlogged"
"Syzygium elliptilimbum","Myrtaceae","Syzygium","elliptilimbum","50ha","unlogged"
"Syzygium elopurae","Myrtaceae","Syzygium","elopurae","50ha","unlogged"
"Syzygium fastigiatum","Myrtaceae","Syzygium","fastigiatum","50ha","unlogged"
"Syzygium hirtum","Myrtaceae","Syzygium","hirtum","50ha, CP","both"
"Syzygium imperiale","Myrtaceae","Syzygium","imperiale","50ha","unlogged"
"Syzygium kiauese","Myrtaceae","Syzygium","kiauese","50ha","unlogged"
"Syzygium kunstleri","Myrtaceae","Syzygium","kunstleri","50ha","unlogged"
"Syzygium leptostemon","Myrtaceae","Syzygium","leptostemon","50ha","unlogged"
"Syzygium panzeri","Myrtaceae","Syzygium","panzeri","50ha","unlogged"
"Syzygium penibukanense","Myrtaceae","Syzygium","penibukanense","50ha","unlogged"
"Syzygium pustulatum","Myrtaceae","Syzygium","pustulatum","50ha","unlogged"
"Syzygium scortechinii","Myrtaceae","Syzygium","scortechinii","50ha","unlogged"
"Syzygium tawahensis","Myrtaceae","Syzygium","tawahensis","50ha","unlogged"
"Syzygium unknown mixed","Myrtaceae","Syzygium","unknown mixed","50ha, CP","both"
"Tabernaemontana macrocarpa","Apocynaceae","Tabernaemontana","macrocarpa","50ha","unlogged"
"Tabernaemontana pauciflora","Apocynaceae","Tabernaemontana","pauciflora","50ha","unlogged"
"Tabernaemontana unknown mixed","Apocynaceae","Tabernaemontana","unknown mixed","50ha","unlogged"
"Taulama gitingensis","Magnoliaceae","Taulama","gitingensis","CP","logged"
"Taulama unknown mixed","Magnoliaceae","Taulama","unknown mixed","CP","logged"
"Teijsmanniodendron bogoriense","Lamiaceae","Teijsmanniodendron","bogoriense","50ha","unlogged"
"Teijsmanniodendron pteropodum","Lamiaceae","Teijsmanniodendron","pteropodum","CP","logged"
"Teijsmanniodendron unknown mixed","Lamiaceae","Teijsmanniodendron","unknown mixed","CP","logged"
"Terminalia citrina","Combretaceae","Terminalia","citrina","50ha","unlogged"
"Terminalia ivorensis","Combretaceae","Terminalia","ivorensis","50ha","unlogged"
"Terminalia phellocarpa","Combretaceae","Terminalia","phellocarpa","50ha","unlogged"
"Terminalia species 1","Combretaceae","Terminalia","species 1","50ha","unlogged"
"Terminalia species 2","Combretaceae","Terminalia","species 2","50ha","unlogged"
"Timonius lasianthoides","Rubiaceae","Timonius","lasianthoides","50ha","unlogged"
"Timonius wallichianus","Rubiaceae","Timonius","wallichianus","50ha","unlogged"
"Triomma malaccensis","Burseraceae","Triomma","malaccensis","50ha, CP","both"
"Turpinia sphaerocarpa","Tapisciaceae","Turpinia","sphaerocarpa","50ha","unlogged"
"Unidentified Unknown","Unknown","Unidentified","Unknown","50ha","unlogged"
"Unidentified Unknown species","Unknown","Unidentified","Unknown species","50ha","unlogged"
"Unidentified asperum","Unknown","Unidentified","asperum","50ha","unlogged"
"Unidentified benthamiana","Unknown","Unidentified","benthamiana","50ha","unlogged"
"Unidentified capitata","Unknown","Unidentified","capitata","50ha","unlogged"
"Unidentified colorata","Unknown","Unidentified","colorata","50ha","unlogged"
"Unidentified confertus","Unknown","Unidentified","confertus","50ha","unlogged"
"Unidentified confusa","Unknown","Unidentified","confusa","50ha","unlogged"
"Unidentified corymbosus","Unknown","Unidentified","corymbosus","50ha","unlogged"
"Unidentified decumanum","Unknown","Unidentified","decumanum","50ha","unlogged"
"Unidentified denticulatum","Unknown","Unidentified","denticulatum","50ha","unlogged"
"Unidentified elmeri","Unknown","Unidentified","elmeri","50ha","unlogged"
"Unidentified falcifera","Unknown","Unidentified","falcifera","50ha","unlogged"
"Unidentified frutescens","Unknown","Unidentified","frutescens","50ha","unlogged"
"Unidentified gitingensis","Unknown","Unidentified","gitingensis","50ha","unlogged"
"Unidentified glabrum","Unknown","Unidentified","glabrum","50ha","unlogged"
"Unidentified grandistipula","Unknown","Unidentified","grandistipula","50ha","unlogged"
"Unidentified griffithianum","Unknown","Unidentified","griffithianum","50ha","unlogged"
"Unidentified havilandii","Unknown","Unidentified","havilandii","50ha","unlogged"
"Unidentified illustris","Unknown","Unidentified","illustris","50ha","unlogged"
"Unidentified latistipulatum","Unknown","Unidentified","latistipulatum","50ha","unlogged"
"Unidentified lunata","Unknown","Unidentified","lunata","50ha","unlogged"
"Unidentified lunu-ankenda","Unknown","Unidentified","lunu-ankenda","50ha","unlogged"
"Unidentified macrophylla","Unknown","Unidentified","macrophylla","50ha","unlogged"
"Unidentified nitida","Unknown","Unidentified","nitida","50ha","unlogged"
"Unidentified odontophyllum","Unknown","Unidentified","odontophyllum","50ha","unlogged"
"Unidentified pachysandra","Unknown","Unidentified","pachysandra","50ha","unlogged"
"Unidentified pilosum","Unknown","Unidentified","pilosum","50ha","unlogged"
"Unidentified racemosa","Unknown","Unidentified","racemosa","50ha","unlogged"
"Unidentified ridleyi","Unknown","Unidentified","ridleyi","50ha","unlogged"
"Unidentified rumphii","Unknown","Unidentified","rumphii","50ha","unlogged"
"Unidentified species 1","Unknown","Unidentified","species 1","50ha","unlogged"
"Unidentified species 10","Unknown","Unidentified","species 10","50ha","unlogged"
"Unidentified species 11","Unknown","Unidentified","species 11","50ha","unlogged"
"Unidentified species 13","Unknown","Unidentified","species 13","50ha","unlogged"
"Unidentified species 14","Unknown","Unidentified","species 14","50ha","unlogged"
"Unidentified species 15","Unknown","Unidentified","species 15","50ha","unlogged"
"Unidentified species 16","Unknown","Unidentified","species 16","50ha","unlogged"
"Unidentified species 17","Unknown","Unidentified","species 17","50ha","unlogged"
"Unidentified species 18","Unknown","Unidentified","species 18","50ha","unlogged"
"Unidentified species 19","Unknown","Unidentified","species 19","50ha","unlogged"
"Unidentified species 2","Unknown","Unidentified","species 2","50ha","unlogged"
"Unidentified species 20","Unknown","Unidentified","species 20","50ha","unlogged"
"Unidentified species 21","Unknown","Unidentified","species 21","50ha","unlogged"
"Unidentified species 3","Unknown","Unidentified","species 3","50ha","unlogged"
"Unidentified species 4","Unknown","Unidentified","species 4","50ha","unlogged"
"Unidentified species 5","Unknown","Unidentified","species 5","50ha","unlogged"
"Unidentified species 6","Unknown","Unidentified","species 6","50ha","unlogged"
"Unidentified species 7","Unknown","Unidentified","species 7","50ha","unlogged"
"Unidentified species 8","Unknown","Unidentified","species 8","50ha","unlogged"
"Unidentified species 9","Unknown","Unidentified","species 9","50ha","unlogged"
"Unidentified sumatrana","Unknown","Unidentified","sumatrana","50ha","unlogged"
"Unidentified unknown","Unknown","Unidentified","unknown","50ha","unlogged"
"Unidentified unknown mixed","Unknown","Unidentified","unknown mixed","50ha","unlogged"
"Unidentified wallichii","Unknown","Unidentified","wallichii","50ha","unlogged"
"Unknown species 8","Annonaceae","Unknown","species 8","CP","logged"
"Unknown unknown mixed","Annonaceae","Unknown","unknown mixed","CP","logged"
"Urophyllum  glabrum","Rubiaceae","Urophyllum ","glabrum","CP","logged"
"Urophyllum  unknown mixed","Rubiaceae","Urophyllum ","unknown mixed","CP","logged"
"Vatica albiramis","Dipterocarpaceae","Vatica","albiramis","50ha, CP","both"
"Vatica chartacea","Dipterocarpaceae","Vatica","chartacea","50ha","unlogged"
"Vatica dulitensis","Dipterocarpaceae","Vatica","dulitensis","CP","logged"
"Vatica oblongifolia","Dipterocarpaceae","Vatica","oblongifolia","50ha","unlogged"
"Vatica sarawakensis","Dipterocarpaceae","Vatica","sarawakensis","50ha, CP","both"
"Vatica umbonata","Dipterocarpaceae","Vatica","umbonata","50ha","unlogged"
"Vitex pinnata","Lamiaceae","Vitex","pinnata","50ha, CP","both"
"Walsura pachycaulon","Meliaceae","Walsura","pachycaulon","50ha","unlogged"
"Walsura pinnata","Meliaceae","Walsura","pinnata","50ha, CP","both"
"Walsura species 1","Meliaceae","Walsura","species 1","50ha","unlogged"
"Xanthophyllum adenotus","Polygalaceae","Xanthophyllum","adenotus","50ha","unlogged"
"Xanthophyllum affine","Polygalaceae","Xanthophyllum","affine","50ha, CP","both"
"Xanthophyllum flavescens","Polygalaceae","Xanthophyllum","flavescens","50ha","unlogged"
"Xanthophyllum pachycarpon","Polygalaceae","Xanthophyllum","pachycarpon","50ha","unlogged"
"Xanthophyllum reticulatum","Polygalaceae","Xanthophyllum","reticulatum","50ha","unlogged"
"Xanthophyllum species 1","Polygalaceae","Xanthophyllum","species 1","50ha","unlogged"
"Xanthophyllum species 2","Polygalaceae","Xanthophyllum","species 2","50ha","unlogged"
"Xanthophyllum species 3","Polygalaceae","Xanthophyllum","species 3","50ha","unlogged"
"Xanthophyllum species 4","Polygalaceae","Xanthophyllum","species 4","50ha","unlogged"
"Xanthophyllum species 5","Polygalaceae","Xanthophyllum","species 5","50ha","unlogged"
"Xanthophyllum species 6","Polygalaceae","Xanthophyllum","species 6","50ha","unlogged"
"Xanthophyllum species 7","Polygalaceae","Xanthophyllum","species 7","50ha","unlogged"
"Xanthophyllum unknown mixed","Polygalaceae","Xanthophyllum","unknown mixed","CP","logged"
"Xanthophyllum vitellinum","Polygalaceae","Xanthophyllum","vitellinum","50ha","unlogged"
"Xylopia ferruginea","Annonaceae","Xylopia","ferruginea","50ha, CP","both"
"Ziziphus angustifolius","Rhamnaceae","Ziziphus","angustifolius","50ha, CP","both"
"nA NA",NA,"nA",NA,"CP","logged"
