original_binomial_name,original_family,original_genus,original_species,family ,genus,species,comments,history_at_INDFORSUS_site,species_origin,logging_status
Acranthera multiflora,Rubiaceae,Acranthera,multiflora,Rubiaceae,Acranthera,frutescens,Acranthera multiflora is a synonym for Acranthera frutescens.,NA,50ha,unlogged
Acranthera velutinervia,Rubiaceae,Acranthera,velutinervia,Rubiaceae,Acranthera,velutinervia,,NA,50ha,unlogged
Actinodaphne borneensis,Lauraceae,Actinodaphne,borneensis,Lauraceae,Actinodaphne,borneensis,,NA,50ha,unlogged
Actinodaphne glomerata,Lauraceae,Actinodaphne,glomerata,Lauraceae,Actinodaphne,glomerata,,NA,50ha,unlogged
Actinodaphne macrophylla,Lauraceae,Actinodaphne,macrophylla,Lauraceae,Actinodaphne,macrophylla,,NA,50ha,unlogged
Actinodaphne pruinosa,Lauraceae,Actinodaphne,pruinosa,Lauraceae,Actinodaphne,pruinosa,,NA,50ha,unlogged
Actinodaphne species 1,Lauraceae,Actinodaphne,species 1,Lauraceae,Actinodaphne,species 1,not identified to species level,NA,50ha,unlogged
Actinodaphne unknown mixed,Lauraceae,Actinodaphne,unknown mixed,Lauraceae,Actinodaphne,unknown mixed,not identified to species level,NA,"50ha, CP",both
Adenanthera kostermansii,Fabaceae,Adenanthera,kostermansii,Fabaceae,Adenanthera,kostermansii,,NA,"50ha, CP",both
Adenanthera malayana,Fabaceae,Adenanthera,malayana,Fabaceae,Adenanthera,malayana,,NA,"50ha, CP",both
Adinandra unknown mixed,Theaceae,Adinandra,unknown mixed,Theaceae,Adinandra,unknown mixed,not identified to species level,NA,CP,logged
Aglaia angustifolia,Meliaceae,Aglaia,angustifolia,Meliaceae,Aglaia,angustifolia,,NA,"50ha, CP",both
Aglaia argentea,Meliaceae,Aglaia,argentea,Meliaceae,Aglaia,argentea,,NA,"50ha, CP",both
Aglaia crassinervia,Meliaceae,Aglaia,crassinervia,Meliaceae,Aglaia,crassinervia,,NA,50ha,unlogged
Aglaia edulis,Meliaceae,Aglaia,edulis,Meliaceae,Aglaia,edulis,,NA,50ha,unlogged
Aglaia elliptica,Meliaceae,Aglaia,elliptica,Meliaceae,Aglaia,elliptica,,NA,50ha,unlogged
Aglaia grandis,Meliaceae,Aglaia,grandis,Meliaceae,Aglaia,grandis,,NA,50ha,unlogged
Aglaia luzoniensis,Meliaceae,Aglaia,luzoniensis,Meliaceae,Aglaia,luzoniensis,,NA,50ha,unlogged
Aglaia macrocarpa,Meliaceae,Aglaia,macrocarpa,Meliaceae,Aglaia,macrocarpa,,NA,50ha,unlogged
Aglaia odoratissima,Meliaceae,Aglaia,odoratissima,Meliaceae,Aglaia,odoratissima,,NA,"50ha, CP",both
Aglaia oligophylla,Meliaceae,Aglaia,oligophylla,Meliaceae,Aglaia,oligophylla,,NA,50ha,unlogged
Aglaia silvestris,Meliaceae,Aglaia,silvestris,Meliaceae,Aglaia,silvestris,,NA,"50ha, CP",both
Aglaia spectabilis,Meliaceae,Aglaia,spectabilis,Meliaceae,Aglaia,spectabilis,,NA,"50ha, CP",both
Aglaia tomentosa,Meliaceae,Aglaia,tomentosa,Meliaceae,Aglaia,tomentosa,,NA,"50ha, CP",both
Aglaia unknown mixed,Meliaceae,Aglaia,unknown mixed,Meliaceae,Aglaia,unknown mixed,not identified to species level,NA,"50ha, CP",both
Alangium javanicum,Alangiaceae,Alangium,javanicum,Cornaceae,Alangium,javanicum,corrected family,Unlogged,"50ha, CP, IF",both
Allophylus cobbe,Sapindaceae,Allophylus,cobbe,Sapindaceae,Allophylus,cobbe,,NA,50ha,unlogged
Alseodaphne bancana,Lauraceae,Alseodaphne,bancana,Lauraceae,Alseodaphne,bancana,,NA,50ha,unlogged
Alseodaphne unknown mixed,Lauraceae,Alseodaphne,unknown mixed,Lauraceae,Alseodaphne,unknown mixed,not identified to species level,NA,"50ha, CP",both
Alstonia angustifolia,Apocynaceae,Alstonia,angustifolia,Apocynaceae,Alstonia,angustifolia,,NA,"50ha, CP",both
Alstonia iwagighensis,Apocynaceae,Alstonia,iwagighensis,Apocynaceae,Alstonia,iwahigensis,corrected iwagighensis to iwahigensis,NA,50ha,unlogged
Anaxagorea javanica,Annonaceae,Anaxagorea,javanica,Annonaceae,Anaxagorea,javanica,,NA,50ha,unlogged
Anisophyllea beccariana,Anisophylleaceae,Anisophyllea,beccariana,Anisophylleaceae,Anisophyllea,beccariana,,NA,50ha,unlogged
Anisophyllea cornerii,Anisophylleaceae,Anisophyllea,cornerii,Anisophylleaceae,Anisophyllea,corneri,corrected cornerii to corneri,NA,"50ha, CP",both
Anisoptera costata,Dipterocarpaceae,Anisoptera,costata,Dipterocarpaceae,Anisoptera,costata,,NA,"50ha, CP",both
Antiaris toxicaria,Moraceae,Antiaris,toxicaria,Moraceae,Antiaris,toxicaria,,NA,50ha,unlogged
Antidesma leucopodum,Phyllanthaceae,Antidesma,leucopodum,Phyllanthaceae,Antidesma,leucopodum,,NA,50ha,unlogged
Antidesma neurocarpum,Phyllanthaceae,Antidesma,neurocarpum,Phyllanthaceae,Antidesma,neurocarpum,,NA,50ha,unlogged
Antidesma species 1,Phyllanthaceae,Antidesma,species 1,Antidesma species 1,Phyllanthaceae,species 1,not identified to species level,NA,CP,logged
Antidesma tomentosum,Phyllanthaceae,Antidesma,tomentosum,Phyllanthaceae,Antidesma,roxburghii,Antidesma tomemtosum is a synonym for Antidesma roxburghii,NA,50ha,unlogged
Antidesma unknown mixed,Phyllanthaceae,Antidesma,unknown mixed,Phyllanthaceae,Antidesma,unknown mixed,not identified to species level,NA,"50ha, CP",both
Aphanamixis borneensis,Meliaceae,Aphanamixis,borneensis,Meliaceae,Aphanamixis,borneensis,,NA,50ha,unlogged
Aphanamixis unknown mixed,Meliaceae,Aphanamixis,unknown mixed,Meliaceae,Aphanamixis,unknown mixed,not identified to species level,NA,50ha,unlogged
Aporusa elmeri,Phyllanthaceae,Aporusa,elmeri,Phyllanthaceae,Aporosa,elmeri,Aporusa corrected to Aporosa,NA,CP,logged
Aporusa falcifera,Phyllanthaceae,Aporusa,falcifera,Phyllanthaceae,Aporosa,falcifera,Aporusa corrected to Aporosa,NA,CP,logged
Aporusa frutescens,Phyllanthaceae,Aporusa,frutescens,Phyllanthaceae,Aporosa,frutescens,Aporusa corrected to Aporosa,NA,CP,logged
Aporusa grandistipula,Phyllanthaceae,Aporusa,grandistipula,Phyllanthaceae,Aporosa,grandistipula,Aporusa corrected to Aporosa,NA,CP,logged
Aporusa illustris,Phyllanthaceae,Aporusa,illustris,Phyllanthaceae,Aporosa,illustris,Aporusa corrected to Aporosa,NA,CP,logged
Aporusa unknown mixed,Phyllanthaceae,Aporusa,unknown mixed,Phyllanthaceae,Aporusa,unknown mixed,not identified to species level,NA,CP,logged
Aquilaria beccariana,Thymelaeaceae,Aquilaria,beccariana,Thymelaeaceae,Aquilaria,beccariana,,NA,50ha,unlogged
Archidendron microcarpum,Fabaceae-mimosoideae,Archidendron,microcarpum,Fabaceae,Archidendron,microcarpum,corrected family,NA,50ha,unlogged
Archidendron unknown mixed,Fabaceae-mimosoideae,Archidendron,unknown mixed,Fabaceae,Archidendron,unknown mixed,corrected family + not sure what to do about 'unknown mixed',NA,50ha,unlogged
Ardisia colorata,Primulaceae,Ardisia ,colorata,Primulaceae,Ardisia ,colorata,"not recorded as occuring in Borneo, only in Assam and N.Bangladesh.",NA,CP,logged
Ardisia macrophylla,Primulaceae,Ardisia ,macrophylla,Primulaceae,Ardisia ,macrophylla,,NA,CP,logged
Ardisia  unknown mixed,Primulaceae,Ardisia ,unknown mixed,Primulaceae,Ardisia ,unknown mixed,not identified to species level,NA,CP,logged
Artocarpus anisophyllus,Moraceae,Artocarpus,anisophyllus,Moraceae,Artocarpus,anisophyllus,,NA,"50ha, CP",both
Artocarpus elasticus,Moraceae,Artocarpus,elasticus,Moraceae,Artocarpus,elasticus,,NA,CP,logged
Artocarpus heterophyllus,Moraceae,Artocarpus,heterophyllus,Moraceae,Artocarpus,heterophyllus,"native to SW India, introduced in Borneo",NA,CP,logged
Artocarpus unknown mixed,Moraceae,Artocarpus,unknown mixed,Moraceae,Artocarpus,unknown mixed,not identified to species level,NA,CP,logged
Atuna racemosa,Chrysobalanaceae,Atuna,racemosa,Chrysobalanaceae,Atuna,excelsa,Atuna racemosa is a subspecies of Atuna excelsa,NA,CP,logged
Azadirachta excelsa,Meliaceae,Azadirachta,excelsa,Meliaceae,Azadirachta,excelsa,,NA,"50ha, CP",both
Baccaurea edulis,Phyllanthaceae,Baccaurea,edulis,Phyllanthaceae,Baccaurea,edulis,,NA,50ha,unlogged
Baccaurea lanceolata,Phyllanthaceae,Baccaurea,lanceolata,Phyllanthaceae,Baccaurea,lanceolata,,NA,"50ha, CP",both
Baccaurea macrocarpa,Phyllanthaceae,Baccaurea,macrocarpa,Phyllanthaceae,Baccaurea,macrocarpa,,NA,"50ha, CP",both
Baccaurea parviflora,Phyllanthaceae,Baccaurea,parviflora,Phyllanthaceae,Baccaurea,parviflora,,NA,50ha,unlogged
Baccaurea species 1,Phyllanthaceae,Baccaurea,species 1,Phyllanthaceae,Baccaurea,species 1,not identified to species level,NA,50ha,unlogged
Baccaurea tetrandra,Phyllanthaceae,Baccaurea,tetrandra,Phyllanthaceae,Baccaurea,tetrandra,,NA,"50ha, CP",both
Baccaurea unknown mixed,Phyllanthaceae,Baccaurea,unknown mixed,Phyllanthaceae,Baccaurea,unknown mixed,not identified to species level,NA,"50ha, CP",both
Barringtonia lanceolata,Barringtoniaceae,Barringtonia,lanceolata,Lecythidaceae ,Barringtonia,lanceolata,corrected family,NA,"50ha, CP",both
Barringtonia macrostachya,Barringtoniaceae,Barringtonia,macrostachya,Lecythidaceae ,Barringtonia,macrostachya,corrected family,NA,"50ha, CP",both
Barringtonia unknown mixed,Lecythidaceae,Barringtonia,unknown mixed,Lecythidaceae,Barringtonia,unknown mixed,not identified to species level,NA,50ha,unlogged
Beilschmiedia Unknown species 1,Lauraceae,Beilschmiedia,Unknown species 1,Lauraceae,Beilschmiedia,Unknown species 1,not identified to species level,NA,50ha,unlogged
Beilschmiedia assamica,Lauraceae,Beilschmiedia,assamica,Lauraceae,Beilschmiedia,assamica,,NA,50ha,unlogged
Beilschmiedia cuadrae,Lauraceae,Beilschmiedia,cuadrae,Lauraceae,Beilschmiedia,,does not appear in POWO database at all,NA,"50ha, CP",both
Beilschmiedia micrantha,Lauraceae,Beilschmiedia,micrantha,Lauraceae,Beilschmiedia,micrantha,,NA,"50ha, CP",both
Beilschmiedia tawaensis,Lauraceae,Beilschmiedia,tawaensis,Lauraceae,Beilschmiedia,tawaensis,,NA,"50ha, CP",both
Beilschmiedia unknown mixed,Lauraceae,Beilschmiedia,unknown mixed,Lauraceae,Beilschmiedia,unknown mixed,not identified to species level,NA,CP,logged
Bhesa paniculata,Celastraceae,Bhesa,paniculata,Centroplacaceae,Bhesa,paniculata,corrected family,NA,50ha,unlogged
Blumeodendron kurzii,Euphorbiaceae,Blumeodendron,kurzii,Euphorbiaceae,Blumeodendron,kurzii,,NA,"50ha, CP",both
Blumeodendron tokbrai,Euphorbiaceae,Blumeodendron,tokbrai,Euphorbiaceae,Blumeodendron,tokbrai,,NA,"50ha, CP",both
Bridelia ,Phyllanthaceae,Bridelia,,Phyllanthaceae,Bridelia,,species missing,NA,50ha,unlogged
Bridelia griffithii,Phyllanthaceae,Bridelia,griffithii,Phyllanthaceae,Bridelia,cinnamomea,Bridlea griffithii is a synonym of Bridlea cinnamomea,NA,50ha,unlogged
Bridelia penangensis,Phyllanthaceae,Bridelia,penangensis,Phyllanthaceae,Bridelia,insulana,Bridlea penangensis is a synonym of Bridlea insulana,NA,"50ha, CP",both
Brownlowia peltata,Malvaceae,Brownlowia,peltata,Malvaceae,Brownlowia,peltata,,Unlogged,"50ha, CP, IF",both
Brownlowia stipulata,Malvaceae,Brownlowia,stipulata,Malvaceae,Brownlowia,stipulata,,NA,"50ha, CP",both
Buchanania arborescens,Anacardiaceae,Buchanania,arborescens,Anacardiaceae,Buchanania,arborescens,,NA,50ha,unlogged
Buchanania sessilifolia,Anacardiaceae,Buchanania,sessilifolia,Anacardiaceae,Buchanania,sessilifolia,,Unlogged,"50ha, CP, IF",both
Buchanania unknown mixed,Anacardiaceae,Buchanania,unknown mixed,Anacardiaceae,Buchanania,unknown mixed,not identified to species level,NA,50ha,unlogged
Callicarpa longifolia,Lamiaceae,Callicarpa,longifolia,Lamiaceae,Callicarpa,longifolia,,NA,50ha,unlogged
Callicarpa pentandra,Lamiaceae,Callicarpa,pentandra,Lamiaceae,Callicarpa,pentandra,,NA,"50ha, CP",both
Callicarpa unknown mixed,Lamiaceae,Callicarpa,unknown mixed,Lamiaceae,Callicarpa,unknown mixed,not identified to species level,NA,CP,logged
Calophyllum blancoi,Calophyllaceae,Calophyllum,blancoi,Calophyllaceae,Calophyllum,blancoi,,NA,"50ha, CP",both
Calophyllum gracilipes,Calophyllaceae,Calophyllum,gracilipes,Calophyllaceae,Calophyllum,gracilipes,,NA,"50ha, CP",both
Calophyllum pulcherrimum,Clusiaceae,Calophyllum,pulcherrimum,Calophyllaceae,Calophyllum,pulcherrimum,corrected family,NA,50ha,unlogged
Calophyllum soulattri,Calophyllaceae,Calophyllum,soulattri,Calophyllaceae,Calophyllum,soulattri,,NA,"50ha, CP",both
Calophyllum species 1,Clusiaceae,Calophyllum,species 1,Clusiaceae,Calophyllum,species 1,family likely incorrect - should probably be Calophyllaceae. Cannot check because not identified to species level,NA,50ha,unlogged
Calophyllum species 2,Clusiaceae,Calophyllum,species 2,Clusiaceae,Calophyllum,species 2,family likely incorrect - should probably be Calophyllaceae. Cannot check because not identified to species level,NA,50ha,unlogged
Calophyllum venulosum,Clusiaceae,Calophyllum,venulosum,Calophyllaceae,Calophyllaceae,venulosum,corrected family,NA,50ha,unlogged
Cananga odorata,Annonaceae,Cananga,odorata,Annonaceae,Cananga,odorata,,NA,50ha,unlogged
Canarium decumanum,Burseraceae,Canarium,decumanum,Burseraceae,Canarium,decumanum,,NA,CP,logged
Canarium denticulatum,Burseraceae,Canarium,denticulatum,Burseraceae,Canarium,denticulatum,,ActiveRestoration,"CP, IF",logged
Canarium odontophyllum,Burseraceae,Canarium,odontophyllum,Burseraceae,Canarium,odontophyllum,,NA,CP,logged
Canarium unknown mixed,Burseraceae,Canarium,unknown mixed,Burseraceae,Canarium,unknown mixed,not identified to species level,NA,CP,logged
Carallia borneensis,Rhizophoraceae,Carallia,borneensis,Rhizophoraceae,Carallia,borneensis,,NA,50ha,unlogged
Carallia species 1,Rhizophoraceae,Carallia,species 1,Rhizophoraceae,Carallia,species 1,not identified to species level,NA,50ha,unlogged
Caryodaphnopsis tonkinensis,Lauraceae,Caryodaphnopsis,tonkinensis,Lauraceae,Caryodaphnopsis,tonkinensis,,NA,"50ha, CP",both
Casearia grewiifolia,Sapindaceae,Casearia,grewiifolia,Salicaceae,Casearia,grewiifolia,family corrected,NA,"50ha, CP",both
Castanopsis hypophoenicea,Fagaceae,Castanopsis,hypophoenicea,Fagaceae,Castanopsis,hypophoenicea,,NA,"50ha, CP",both
Castanopsis motleyana,Fagaceae,Castanopsis,motleyana,Fagaceae,Castanopsis,motleyana,,NA,CP,logged
Castanopsis unknown mixed,Fagaceae,Castanopsis,unknown mixed,Fagaceae,Castanopsis,unknown mixed,not identified to species level,NA,50ha,unlogged
Chionanthus curvicarpus,Oleaceae,Chionanthus,curvicarpus,Oleaceae,Chionanthus,curvicarpus,,NA,50ha,unlogged
Chionanthus macrocarpus,Oleaceae,Chionanthus,macrocarpus,Oleaceae,Chionanthus,macrocarpus,,NA,50ha,unlogged
Chionanthus pluriflorus,Oleaceae,Chionanthus,pluriflorus,Oleaceae,Chionanthus,pluriflorus,,NA,"50ha, CP",both
Chionanthus unknown mixed,Oleaceae,Chionanthus,unknown mixed,Oleaceae,Chionanthus,unknown mixed,not identified to species level,NA,"50ha, CP",both
Chisocheton ceramicus,Meliaceae,Chisocheton,ceramicus,Meliaceae,Chisocheton,ceramicus,,NA,50ha,unlogged
Chisocheton macranthus,Meliaceae,Chisocheton,macranthus,Meliaceae,Chisocheton,macranthus,,NA,"50ha, CP",both
Chisocheton patens,Meliaceae,Chisocheton,patens,Meliaceae,Chisocheton,patens,,NA,"50ha, CP",both
Chisocheton pentandrus,Meliaceae,Chisocheton,pentandrus,Meliaceae,Chisocheton,pentandrus,,NA,"50ha, CP",both
Chisocheton polyandrus,Meliaceae,Chisocheton,polyandrus,Meliaceae,Chisocheton,polyandrus,,NA,50ha,unlogged
Chisocheton sarawakensis,Meliaceae,Chisocheton,sarawakensis,Meliaceae,Chisocheton,sarawakanus,sarawakensis corrected to sarawakanus,NA,"50ha, CP",both
Chisocheton unknown mixed,Meliaceae,Chisocheton,unknown mixed,Meliaceae,Chisocheton,unknown mixed,not identified to species level,NA,"50ha, CP",both
Cinnamomum griffithii,Lauraceae,Cinnamomum,griffithii,Lauraceae,Cinnamomum,iners,Cinnamomum griffithii is a cynonym of Cinnamomum iners,NA,"50ha, CP",both
Cinnamomum racemosum,Lauraceae,Cinnamomum,racemosum,Lauraceae,Cinnamomum,racemosum,,NA,50ha,unlogged
Cinnamomum unknown mixed,Lauraceae,Cinnamomum,unknown mixed,Lauraceae,Cinnamomum,unknown mixed,not identified to species level,NA,"50ha, CP",both
Clausena excavata,Rutaceae,Clausena,excavata,Rutaceae,Clausena,excavata,,NA,"50ha, CP",both
Clausena unknown,Rutaceae,Clausena,unknown,Rutaceae,Clausena,unknown,not identified to species level,NA,50ha,unlogged
Cleistanthus hirsutulus,Phyllanthaceae,Cleistanthus,hirsutulus,Phyllanthaceae,Cleistanthus,hirsutulus,,NA,"50ha, CP",both
Cleistanthus myrianthus,Phyllanthaceae,Cleistanthus,myrianthus,Phyllanthaceae,Cleistanthus,oblongifolius,Cleistanthus myrianthus is a ,NA,CP,logged
Cleistanthus podopixys,Phyllanthaceae,Cleistanthus,podopixys,Phyllanthaceae,Cleistanthus,podopyxis,podopixys corrected to podopyxis,NA,"50ha, CP",both
Cleistanthus species 2,Phyllanthaceae,Cleistanthus,species 2,Phyllanthaceae,Cleistanthus,species 2,not identified to species level,NA,50ha,unlogged
Cleistanthus unknown mixed,Phyllanthaceae,Cleistanthus,unknown mixed,Phyllanthaceae,Cleistanthus,unknown mixed,not identified to species level,NA,"50ha, CP",both
Coelostegia borneensis,Malvaceae,Coelostegia,borneensis,Malvaceae,Coelostegia,borneensis,,NA,"50ha, CP",both
Cowiea borneensis,Rubiaceae,Cowiea,borneensis,Rubiaceae,Cowiea,borneensis,,NA,50ha,unlogged
Crateva magna,Capparaceae,Crateva,magna,Capparaceae,Crateva,magna,,NA,50ha,unlogged
Cratoxylum cochinchinense,Clusiaceae,Cratoxylum,cochinchinense,Hypericaceae,Cratoxylum,cochinchinense,corrected family,NA,50ha,unlogged
Cratoxylum unknown mixed,Hypericaceae,Cratoxylum,unknown mixed,Hypericaceae,Cratoxylum,unknown mixed,not identified to species level,NA,CP,logged
Croton argyratus,Euphorbiaceae,Croton,argyratus,Euphorbiaceae,Croton,argyratus,,NA,CP,logged
Croton oblongus,Euphorbiaceae,Croton,oblongus,Euphorbiaceae,Croton,oblongus,,NA,50ha,unlogged
Croton unknown mixed,Euphorbiaceae,Croton,unknown mixed,Euphorbiaceae,Croton,unknown mixed,not identified to species level,NA,50ha,unlogged
Crudia reticulata,Fabaceae-caesalpinioideae,Crudia,reticulata,Fabacea,Crudia,bantamensis,family corrected; Crudia reticulata is a synonym for Crudia bantamensis,NA,50ha,unlogged
Crudia tenuipes,Fabaceae,Crudia,tenuipes,Fabaceae,Crudia,tenuipes,,NA,"50ha, CP",both
Crudia unknown mixed,Fabaceae,Crudia,unknown mixed,Fabaceae,Crudia,unknown mixed,not identified to species level,NA,CP,logged
Crypteronia griffithii,Crypteroniaceae,Crypteronia,griffithii,Crypteroniaceae,Crypteronia,rubiflora,Crypteronia griffithii is a synonym for Crypteronia rubiflora,NA,50ha,unlogged
Cryptocarya erectinervia,Lauraceae,Cryptocarya,erectinervia,Lauraceae,Cryptocarya,ferrea,Cryptocarya erectinervia is a synonym for Cryptocarya ferrea,NA,"50ha, CP",both
Cryptocarya pulchrinervia,Lauraceae,Cryptocarya,pulchrinervia,Lauraceae,Cryptocarya,pulchrinervia,,NA,"50ha, CP",both
Cryptocarya strictifolia,Lauraceae,Cryptocarya,strictifolia,Lauraceae,Cryptocarya,strictifolia,,NA,CP,logged
Cryptocarya teysmanniana,Lauraceae,Cryptocarya,teysmanniana,Lauraceae,Cryptocarya,teysmanniana,,NA,50ha,unlogged
Cryptocarya unknown mixed,Lauraceae,Cryptocarya,unknown mixed,Lauraceae,Cryptocarya,unknown mixed,not identified to species level,NA,CP,logged
Cyathocalyx magnifructus,Annonaceae,Cyathocalyx,magnifructus,Annonaceae,Cyathocalyx,magnifructus,,NA,"50ha, CP",both
Cynometra elmeri,Fabaceae-caesalpinioideae,Cynometra,elmeri,Fabaceae,Cynometra,elmeri,family corrected  ,NA,50ha,unlogged
Cynometra mirabilis,Fabaceae,Cynometra,mirabilis,Fabaceae,Cynometra,mirabilis,,NA,"50ha, CP",both
Dacryodes laxa,Burseraceae,Dacryodes,laxa,Burseraceae,Dacryodes,laxa,,NA,50ha,unlogged
Dacryodes rostrata,Burseraceae,Dacryodes,rostrata,Burseraceae,Dacryodes,rostrata,,NA,"50ha, CP",both
Dacryodes rugosa,Burseraceae,Dacryodes,rugosa,Burseraceae,Dacryodes,rugosa,,NA,"50ha, CP",both
Dacryodes species 1,Burseraceae,Dacryodes,species 1,Burseraceae,Dacryodes,species 1,not identified to species level,NA,50ha,unlogged
Dacryodes unknown mixed,Burseraceae,Dacryodes,unknown mixed,Burseraceae,Dacryodes,unknown mixed,not identified to species level,NA,CP,logged
Decaspermum parviflorum,Myrtaceae,Decaspermum,parviflorum,Myrtaceae,Decaspermum,parviflorum,,NA,50ha,unlogged
Dehaasia caesia,Lauraceae,Dehaasia,caesia,Lauraceae,Dehaasia,caesia,,NA,"50ha, CP",both
Dehaasia gigantocarpa,Lauraceae,Dehaasia,gigantocarpa,Lauraceae,Dehaasia,gigantocarpa,,NA,50ha,unlogged
Dehaasia incrassata,Lauraceae,Dehaasia,incrassata,Lauraceae,Dehaasia,incrassata,,NA,"50ha, CP",both
Dehaasia unknown mixed,Lauraceae,Dehaasia,unknown mixed,Lauraceae,Dehaasia,unknown mixed,not identified to species level,NA,"50ha, CP",both
Dendrocnide elliptica,Urticaceae,Dendrocnide,elliptica,Urticaceae,Dendrocnide,elliptica,,NA,"50ha, CP",both
Dendrocnide stimulans,Urticaceae,Dendrocnide,stimulans,Urticaceae,Dendrocnide,stimulans,,NA,50ha,unlogged
Dendrocnide unknown mixed,Urticaceae,Dendrocnide,unknown mixed,Urticaceae,Dendrocnide,unknown mixed,not identified to species level,NA,"50ha, CP",both
Dialium indum,Fabaceae-caesalpinioideae,Dialium,indum,Fabaceae,Dialium,indum,family corrected  ,NA,50ha,unlogged
Dialium unknown mixed,Fabaceae-caesalpinioideae,Dialium,unknown mixed,Fabaceae,Dialium,unknown mixed,family corrected; not identified to species level,NA,50ha,unlogged
Dillenia borneensis,Dilleniaceae,Dillenia,borneensis,Dilleniaceae,Dillenia,borneensis,,NA,50ha,unlogged
Dillenia excelsa,Dilleniaceae,Dillenia,excelsa,Dilleniaceae,Dillenia,excelsa,,NA,"50ha, CP",both
Dillenia species 1,Dilleniaceae,Dillenia,species 1,Dilleniaceae,Dillenia,species 1,not identified to species level,NA,"50ha, CP",both
Dimocarpus dentatus,Sapindaceae,Dimocarpus,dentatus,Sapindaceae,Dimocarpus,dentatus,,Unlogged,"50ha, CP, IF",both
Dimocarpus fumatus,Sapindaceae,Dimocarpus,fumatus,Sapindaceae,Dimocarpus,fumatus,,NA,50ha,unlogged
Dimocarpus longan,Sapindaceae,Dimocarpus,longan,Sapindaceae,Dimocarpus,longan,,"ActiveRestoration, NaturalRegeneration, Unlogged","50ha, CP, IF",both
Dimorphocalyx murinus,Euphorbiaceae,Dimorphocalyx,murinus,Euphorbiaceae,Tritaxis,denticulata,Dimorphocalyx murinus is a synonymn for Tritaxis denticulata,NA,"50ha, CP",both
Diospyros andamanica,Ebenaceae,Diospyros,andamanica,Ebenaceae,Diospyros,andamanica,,NA,"50ha, CP",both
Diospyros borneensis,Ebenaceae,Diospyros,borneensis,Ebenaceae,Diospyros,borneensis,,NA,50ha,unlogged
Diospyros cauliflora,Ebenaceae,Diospyros,cauliflora,Ebenaceae,Diospyros,cauliflora,,NA,"50ha, CP",both
Diospyros curranii,Ebenaceae,Diospyros,curranii,Ebenaceae,Diospyros,curranii,,NA,"50ha, CP",both
Diospyros daemona,Ebenaceae,Diospyros,daemona,Ebenaceae,Diospyros,daemona,,NA,50ha,unlogged
Diospyros dictyoneura,Ebenaceae,Diospyros,dictyoneura,Ebenaceae,Diospyros,dictyoneura,,NA,"50ha, CP",both
Diospyros diepenhorstii,Ebenaceae,Diospyros,diepenhorstii,Ebenaceae,Diospyros,diepenhorstii,,NA,50ha,unlogged
Diospyros elliptifolia,Ebenaceae,Diospyros,elliptifolia,Ebenaceae,Diospyros,elliptifolia,,NA,"50ha, CP",both
Diospyros euphlebia,Ebenaceae,Diospyros,euphlebia,Ebenaceae,Diospyros,euphlehia,euphlebia corrected to euphlehia,NA,"50ha, CP",both
Diospyros frutescens,Ebenaceae,Diospyros,frutescens,Ebenaceae,Diospyros,frutescens,,NA,"50ha, CP",both
Diospyros macrophylla,Ebenaceae,Diospyros,macrophylla,Ebenaceae,Diospyros,peregrina,Diospyros macrophylla is a synonym of Diospyros peregrina,NA,"50ha, CP",both
Diospyros muricata,Ebenaceae,Diospyros,muricata,Ebenaceae,Diospyros,muricata,,NA,"50ha, CP",both
Diospyros pilosanthera,Ebenaceae,Diospyros,pilosanthera,Ebenaceae,Diospyros,oblonga,Diospyros pilosanthera is a synonym of Diospyros oblonga,NA,"50ha, CP",both
Diospyros pyrrhocarpa,Ebenaceae,Diospyros,pyrrhocarpa,Ebenaceae,Diospyros,pyrrhocarpa,,NA,50ha,unlogged
Diospyros species 1,Ebenaceae,Diospyros,species 1,Ebenaceae,Diospyros,species 1,not identified to species level,NA,50ha,unlogged
Diospyros species 2,Ebenaceae,Diospyros,species 2,Ebenaceae,Diospyros,species 2,not identified to species level,NA,50ha,unlogged
Diospyros species 3,Ebenaceae,Diospyros,species 3,Ebenaceae,Diospyros,species 3,not identified to species level,NA,50ha,unlogged
Diospyros species 4,Ebenaceae,Diospyros,species 4,Ebenaceae,Diospyros,species 4,not identified to species level,NA,50ha,unlogged
Diospyros species 6,Ebenaceae,Diospyros,species 6,Ebenaceae,Diospyros,species 6,not identified to species level,NA,50ha,unlogged
Diospyros species 7,Ebenaceae,Diospyros,species 7,Ebenaceae,Diospyros,species 7,not identified to species level,NA,50ha,unlogged
Diospyros squamaefolia,Ebenaceae,Diospyros,squamaefolia,Ebenaceae,Diospyros,squamifolia ,squamaefolia corrected to squamifolia,NA,50ha,unlogged
Diospyros toposia,Ebenaceae,Diospyros,toposia,Ebenaceae,Diospyros,toposia,,NA,"50ha, CP",both
Diospyros tuberculata,Ebenaceae,Diospyros,tuberculata,Ebenaceae,Diospyros,tuberculata,,NA,"50ha, CP",both
Diospyros unknown mixed,Ebenaceae,Diospyros,unknown mixed,Ebenaceae,Diospyros,unknown mixed,not identified to species level,NA,CP,logged
Diospyros wallichii,Ebenaceae,Diospyros,wallichii,Ebenaceae,Diospyros,wallichii,,NA,50ha,unlogged
Diplospora malaccensis,Rubiaceae,Diplospora,malaccensis,Rubiaceae,Discospermum,malaccense,Diplospora malaccensis is a synonym of Discospermum malaccense,NA,"50ha, CP",both
Diplospora unknown mixed,Rubiaceae,Diplospora,unknown mixed,Rubiaceae,Diplospora,unknown mixed,not identified to species level,NA,50ha,unlogged
Dipterocarpus applanatus,Dipterocarpaceae,Dipterocarpus,applanatus,Dipterocarpaceae,Dipterocarpus,applanatus,,NA,CP,logged
Dipterocarpus caudiferus,Dipterocarpaceae,Dipterocarpus,caudiferus,Dipterocarpaceae,Dipterocarpus,caudifer,caudiferus corrected to caudifer,"NaturalRegeneration, ActiveRestoration","CP, IF",logged
Dipterocarpus unknown mixed,Dipterocarpaceae,Dipterocarpus,unknown mixed,Dipterocarpaceae,Dipterocarpus,unknown mixed,not identified to species level,NA,CP,logged
Dracontomelon costatum,Anacardiaceae,Dracontomelon,costatum,Anacardiaceae,Dracontomelon,costatum,,NA,50ha,unlogged
Dracontomelon dao,Anacardiaceae,Dracontomelon,dao,Anacardiaceae,Dracontomelon,dao,,NA,"50ha, CP",both
Dracontomelon unknown mixed,Anacardiaceae,Dracontomelon,unknown mixed,Anacardiaceae,Dracontomelon,unknown mixed,not identified to species level,NA,50ha,unlogged
Drepanthus havilandii,Annonaceae,Drepanthus,havilandii,Annonaceae,Drepananthus,havilandii,Drepanthus corrected to Drepananthus,NA,CP,logged
Dryobalanops lanceolata,Dipterocarpaceae,Dryobalanops,lanceolata,Dipterocarpaceae,Dryobalanops,lanceolata,,"ActiveRestoration, Unlogged","50ha, CP, IF",both
Drypetes castilloi,Putranjivaceae,Drypetes,castilloi,Putranjivaceae,Drypetes,castilloi,,NA,"50ha, CP",both
Drypetes eriocarpa,Putranjivaceae,Drypetes,eriocarpa,Putranjivaceae,Drypetes,eriocarpa,,NA,"50ha, CP",both
Drypetes longifolia,Putranjivaceae,Drypetes,longifolia,Putranjivaceae,Drypetes,longifolia,,NA,"50ha, CP",both
Drypetes subcrenata,Putranjivaceae,Drypetes,subcrenata,Putranjivaceae,Drypetes,subcrenata,,NA,50ha,unlogged
Drypetes unknown mixed,Putranjivaceae,Drypetes,unknown mixed,Putranjivaceae,Drypetes,unknown mixed,not identified to species level,NA,"50ha, CP",both
Duabanga moluccana,Sonneratiaceae,Duabanga,moluccana,Lythraceae,Duabanga,moluccana,family corrected,NA,"50ha, CP",both
Durio graveolens,Malvaceae,Durio,graveolens,Malvaceae,Durio,graveolens,,NA,"50ha, CP",both
Durio unknown mixed,Malvaceae,Durio,unknown mixed,Malvaceae,Durio,unknown mixed,not identified to species level,NA,"50ha, CP",both
Dysoxylum alliaceum,Meliaceae,Dysoxylum,alliaceum,Meliaceae,Prasoxylon,alliaceum,Dysoxylum alliaceum is a synonym of Prasoxylon alliaceum,NA,50ha,unlogged
Dysoxylum arborescens,Meliaceae,Dysoxylum,arborescens,Meliaceae,Goniocheton,arborescens,Dysoxylum arborescens is a synonym of Goniocheton arborescens,NA,50ha,unlogged
Dysoxylum cauliflorum,Meliaceae,Dysoxylum,cauliflorum,Meliaceae,Epicharis,cumingiana,Dysoxylum cauliflorum is a synonym of Epicharis cumingiana. Not registered on POWO as occuring in Borneo,NA,50ha,unlogged
Dysoxylum cyrtobotryum,Meliaceae,Dysoxylum,cyrtobotryum,Meliaceae,Dysoxylum,cyrtobotryum,,NA,"50ha, CP",both
Dysoxylum excelsum,Meliaceae,Dysoxylum,excelsum,Meliaceae,Prasoxylon,excelsum,Dysoxylum excelsum is a synonym of Prasoxylon excelsum,NA,50ha,unlogged
Dysoxylum gaudichaudianum,Meliaceae,Dysoxylum,gaudichaudianum,Meliaceae,Didymocheton,gaudichaudianus,Dysoxylum gaudichaudianum is a synonym of Didymocheton gaudichaudianus,NA,50ha,unlogged
Dysoxylum grande,Meliaceae,Dysoxylum,grande,Meliaceae,Dysoxylum,grande,,NA,50ha,unlogged
Dysoxylum oppositifolium,Meliaceae,Dysoxylum,oppositifolium,Meliaceae,Dysoxylum,oppositifolium,,NA,50ha,unlogged
Dysoxylum parasiticum,Meliaceae,Dysoxylum,parasiticum,Meliaceae,Epicharis,parasitica,Dysoxylum parasiticum is a synonym of Epicharis parasitica,NA,50ha,unlogged
Dysoxylum rigidum,Meliaceae,Dysoxylum,rigidum,Meliaceae,Prasoxylon,rigidum,Dysoxylum rigidum is a synonym of Prasoxylon rigidum,NA,"50ha, CP",both
Dysoxylum unknown mixed,Meliaceae,Dysoxylum,unknown mixed,Meliaceae,Dysoxylum,unknown mixed,not identified to species level,NA,"50ha, CP",both
Elaeocarpus brunnescens,Elaeocarpaceae,Elaeocarpus,brunnescens,Elaeocarpaceae,Elaeocarpus,brunnescens,,NA,50ha,unlogged
Elaeocarpus stipularis,Elaeocarpaceae,Elaeocarpus,stipularis,Elaeocarpaceae,Elaeocarpus,stipularis,,NA,"50ha, CP",both
Elaeocarpus unknown mixed,Elaeocarpaceae,Elaeocarpus,unknown mixed,Elaeocarpaceae,Elaeocarpus,unknown mixed,not identified to species level,NA,"50ha, CP",both
Endospermum diadenum,Euphorbiaceae,Endospermum,diadenum,Euphorbiaceae,Endospermum,diadenum,,NA,"50ha, CP",both
Engelhardia danumensis,Juglandaceae,Engelhardia,danumensis,Juglandaceae,Engelhardia,danumensis,,NA,50ha,unlogged
Erycibe borneensis,Convolvulaceae,Erycibe,borneensis,Convolvulaceae,Erycibe,borneensis,,NA,"50ha, CP",both
Erythroxylum cuneatum,Erythroxylaceae,Erythroxylum,cuneatum,Erythroxylaceae,Erythroxylum,cuneatum,,NA,50ha,unlogged
Eurycoma longifolia,Simaroubaceae,Eurycoma,longifolia,Simaroubaceae,Eurycoma,longifolia,,NA,50ha,unlogged
Eusideroxylon zwageri,Lauraceae,Eusideroxylon,zwageri,Lauraceae,Eusideroxylon,zwageri,,NA,"50ha, CP",both
Fagraea cuspidata,Gentianaceae,Fagraea,cuspidata,Gentianaceae,Utania,cuspidata,Fragreae cuspidata is a synonym of Utania cuspidata,NA,"50ha, CP",both
Fagraea unknown mixed,Gentianaceae,Fagraea,unknown mixed,Gentianaceae,Fagraea,unknown mixed,not identified to species level,NA,50ha,unlogged
Ficus beccarii,Moraceae,Ficus,beccarii,Moraceae,Ficus,beccarii,,NA,50ha,unlogged
Ficus lepicarpa,Moraceae,Ficus,lepicarpa,Moraceae,Ficus,lepicarpa,,NA,50ha,unlogged
Ficus mixed,Moraceae,Ficus,mixed,Moraceae,Ficus,mixed,not identified to species level,NA,50ha,unlogged
Ficus obscura,Moraceae,Ficus,obscura,Moraceae,Ficus,obscura,not identified to species level,NA,50ha,unlogged
Ficus sinuata,Moraceae,Ficus,sinuata,Moraceae,Ficus,sinuata,not identified to species level,NA,50ha,unlogged
Ficus species 1,Moraceae,Ficus,species 1,Moraceae,Ficus,species 1,not identified to species level,NA,50ha,unlogged
Ficus species 2,Moraceae,Ficus,species 2,Moraceae,Ficus,species 2,not identified to species level,NA,50ha,unlogged
Ficus species 3,Moraceae,Ficus,species 3,Moraceae,Ficus,species 3,not identified to species level,NA,50ha,unlogged
Ficus species 4,Moraceae,Ficus,species 4,Moraceae,Ficus,species 4,not identified to species level,NA,50ha,unlogged
Ficus species 5,Moraceae,Ficus,species 5,Moraceae,Ficus,species 5,not identified to species level,NA,50ha,unlogged
Ficus species 6,Moraceae,Ficus,species 6,Moraceae,Ficus,species 6,not identified to species level,NA,50ha,unlogged
Ficus species 7,Moraceae,Ficus,species 7,Moraceae,Ficus,species 7,not identified to species level,NA,50ha,unlogged
Ficus species 8,Moraceae,Ficus,species 8,Moraceae,Ficus,species 8,not identified to species level,NA,50ha,unlogged
Ficus stolonifera,Moraceae,Ficus,stolonifera,Moraceae,Ficus,stolonifera,,NA,50ha,unlogged
Ficus unknown mixed,Moraceae,Ficus,unknown mixed,Moraceae,Ficus,unknown mixed,not identified to species level,NA,CP,logged
Ficus variegata,Moraceae,Ficus,variegata,Moraceae,Ficus,variegata,,NA,"50ha, CP",both
Flacourtia rukam,Salicaceae,Flacourtia,rukam,Salicaceae,Flacourtia,rukam,,NA,50ha,unlogged
Fordia brachybotrys,Fabaceae,Fordia,brachybotrys,Fabaceae,Fordia,brachybotrys,,NA,"50ha, CP",both
Fordia gibbsiae,Fabaceae,Fordia,gibbsiae,Fabaceae,Fordia,splendidissima,Fordia gibbsiae is a synonym for Fordia splendidissima,NA,50ha,unlogged
Fordia species 1,Fabaceae,Fordia,species 1,Fabaceae,Fordia,species 1,not identified to species level,NA,50ha,unlogged
Fordia species 3,Fabaceae,Fordia,species 3,Fabaceae,Fordia,species 3,not identified to species level,NA,50ha,unlogged
Fordia splendidissima,Fabaceae,Fordia,splendidissima,Fabaceae,Fordia,splendidissima,the two records of Fordia splendidissima should be merged,NA,"50ha, CP",both
Fordia unknown mixed,Fabaceae,Fordia,unknown mixed,Fabaceae,Fordia,unknown mixed,not identified to species level,NA,CP,logged
Galearia fulva,Pandaceae,Galearia,fulva,Pandaceae,Galearia,fulva,,NA,"50ha, CP",both
Garcinia andersonii,Clusiaceae,Garcinia,andersonii,Clusiaceae,Garcinia,nervosa,Garcinia forbesii is a synonym of Garcinia nervosa,NA,"50ha, CP",both
Garcinia forbesii,Clusiaceae,Garcinia,forbesii,Clusiaceae,Garcinia,forbesii,,NA,"50ha, CP",both
Garcinia gaudichaudii,Clusiaceae,Garcinia,gaudichaudii,Clusiaceae,Garcinia,gaudichaudii,not recorded as occuring in borneo,NA,50ha,unlogged
Garcinia parvifolia,Clusiaceae,Garcinia,parvifolia,Clusiaceae,Garcinia,parvifolia,,NA,50ha,unlogged
Garcinia unknown mixed,Clusiaceae,Garcinia,unknown mixed,Clusiaceae,Garcinia,unknown mixed,not identified to species level,NA,CP,logged
Gardenia carinata,Rubiaceae,Gardenia,carinata,Rubiaceae,Gardenia,carinata,not recorded as occuring in borneo,NA,50ha,unlogged
Gironniera nervosa,Ulmaceae,Gironniera,nervosa,Cannabaceae,Gironniera,nervosa,family corrected,NA,"50ha, CP",both
Gironniera species 1,Cannabaceae,Gironniera,species 1,Cannabaceae,Gironniera,species 1,not identified to species level,NA,50ha,unlogged
Glochidion borneensis,Phyllanthaceae,Glochidion,borneensis,Phyllanthaceae,Phyllanthus ,borneensis,Glochidion borneensis is a synonym of Phyllanthus borneensis,NA,50ha,unlogged
Glochidion elmari,Phyllanthaceae,Glochidion,elmari,Phyllanthaceae,Glochidion,elmeri,elmari corrected to elmeri,NA,"50ha, CP",both
Glochidion lanceisepalum,Phyllanthaceae,Glochidion,lanceisepalum,Phyllanthaceae,Phyyanthus ,lancisepalus,Globhidion lancisepalum is a synonym for Phyllanthus lancisepalus,NA,"50ha, CP",both
Glochidion pubicapsa,Phyllanthaceae,Glochidion,pubicapsa,Phyllanthaceae,Glochidion,pubicapsa,,NA,"50ha, CP",both
Glochidion rubrum,Phyllanthaceae,Glochidion,rubrum,Phyllanthaceae,Phyllanthus ,subscandens,,NA,"50ha, CP",both
Glochidion species 1,Phyllanthaceae,Glochidion,species 1,Phyllanthaceae,Glochidion,species 1,not identified to species level,NA,50ha,unlogged
Glochidion species 2,Phyllanthaceae,Glochidion,species 2,Phyllanthaceae,Glochidion,species 2,not identified to species level,NA,50ha,unlogged
Glochidion species 3,Phyllanthaceae,Glochidion,species 3,Phyllanthaceae,Glochidion,species 3,not identified to species level,NA,50ha,unlogged
Glochidion species 4,Phyllanthaceae,Glochidion,species 4,Phyllanthaceae,Glochidion,species 4,not identified to species level,NA,50ha,unlogged
Glochidion species 6,Phyllanthaceae,Glochidion,species 6,Phyllanthaceae,Glochidion,species 5,not identified to species level,NA,50ha,unlogged
Glochidion unknown mixed,Phyllanthaceae,Glochidion,unknown mixed,Phyllanthaceae,Glochidion,unknown mixed, not identified to species level,NA,"50ha, CP",both
Glycosmis chlorosperma,Rutaceae,Glycosmis,chlorosperma,Rutaceae,Glycosmis,chlorosperma,,NA,50ha,unlogged
Glycosmis macrantha,Rutaceae,Glycosmis,macrantha,Rutaceae,Glycosmis,macrantha,,NA,"50ha, CP",both
Glycosmis unknown mixed,Rutaceae,Glycosmis,unknown mixed,Rutaceae,Glycosmis,unknown mixed,not identified to species level,NA,50ha,unlogged
Gomphandra quadrifida,Stemonuraceae,Gomphandra,quadrifida,Stemonuraceae,Gomphandra,quadrifida,,NA,50ha,unlogged
Goniothalamus gigantifolius,Annonaceae,Goniothalamus,gigantifolius,Annonaceae,Goniothalamus,gigantifolius,,NA,50ha,unlogged
Goniothalamus species 1,Annonaceae,Goniothalamus,species 1,Annonaceae,Goniothalamus,species 1,not identified to species level,NA,50ha,unlogged
Goniothalamus species 2,Annonaceae,Goniothalamus,species 2,Annonaceae,Goniothalamus,species 2,not identified to species level,NA,50ha,unlogged
Goniothalamus species 3,Annonaceae,Goniothalamus,species 3,Annonaceae,Goniothalamus,species 3,not identified to species level,NA,50ha,unlogged
Goniothalamus uvarioides,Annonaceae,Goniothalamus,uvarioides,Annonaceae,Goniothalamus,uvarioides,not recorded as occuring in borneo,NA,"50ha, CP",both
Goniothalamus woodii,Annonaceae,Goniothalamus,woodii,Annonaceae,Goniothalamus,woodii,,NA,50ha,unlogged
Gonocaryum calleryanum,Cardiopteridaceae,Gonocaryum,calleryanum,Cardiopteridaceae,Gonocaryum,calleryanum,,NA,50ha,unlogged
Gonocaryum macrophyllum,Cardiopteridaceae,Gonocaryum,macrophyllum,Cardiopteridaceae,Gonocaryum,macrophyllum,,NA,50ha,unlogged
Gonystylus keithii,Thymelaeaceae,Gonystylus,keithii,Thymelaeaceae,Gonystylus,keithii,,NA,50ha,unlogged
Guioa pleuropteris,Sapindaceae,Guioa,pleuropteris,Sapindaceae,Guioa,pleuropteris,,NA,"50ha, CP",both
Hancea penangensis,Euphorbiaceae,Hancea,penangensis,Euphorbiaceae,Hancea,penangensis,,NA,50ha,unlogged
Harpullia arborea,Sapindaceae,Harpullia,arborea,Sapindaceae,Harpullia,arborea,,NA,50ha,unlogged
Harpullia species 1,Sapindaceae,Harpullia,species 1,Sapindaceae,Harpullia,species 1,not identified to species level,NA,50ha,unlogged
Helicia excelsa,Proteaceae,Helicia,excelsa,Proteaceae,Helicia,excelsa,,NA,"50ha, CP",both
Helicia robusta,Proteaceae,Helicia,robusta,Proteaceae,Helicia,robusta,,NA,"50ha, CP",both
Heliciopsis artocarpoides,Proteaceae,Heliciopsis,artocarpoides,Proteaceae,Heliciopsis,artocarpoides,,NA,50ha,unlogged
Heritiera elata,Malvaceae,Heritiera,elata,Malvaceae,Heritiera,elata,not recorded as occuring in borneo,NA,50ha,unlogged
Homalium foetidum,Salicaceae,Homalium,foetidum,Salicaceae,Homalium,foetidum,,NA,50ha,unlogged
Hopea ferruginea,Dipterocarpaceae,Hopea,ferruginea,Dipterocarpaceae,Hopea,ferruginea,,NA,"50ha, CP",both
Hopea nervosa,Dipterocarpaceae,Hopea,nervosa,Dipterocarpaceae,Hopea,nervosa,,NA,"50ha, CP",both
Hopea pentanervia,Dipterocarpaceae,Hopea,pentanervia,Dipterocarpaceae,Hopea,pentanervia,,NA,50ha,unlogged
Hopea plagata,Dipterocarpaceae,Hopea,plagata,Dipterocarpaceae,Hopea,plagata,,NA,50ha,unlogged
Hopea sangal,Dipterocarpaceae,Hopea,sangal,Dipterocarpaceae,Hopea,sangal,,NA,"50ha, CP",both
Hopea unknown mixed,Dipterocarpaceae,Hopea,unknown mixed,Dipterocarpaceae,Hopea,unknown mixed,not identified to species level,NA,"50ha, CP",both
Horsfieldia irya,Myristicaceae,Horsfieldia,irya,Myristicaceae,Horsfieldia,irya,,NA,50ha,unlogged
Horsfieldia polyspherula,Myristicaceae,Horsfieldia,polyspherula,Myristicaceae,Horsfieldia,polyspherula,,NA,"50ha, CP",both
Horsfieldia unknown mixed,Myristicaceae,Horsfieldia,unknown mixed,Myristicaceae,Horsfieldia,unknown mixed,not identified to species level,NA,50ha,unlogged
Hubera rumphii,Annonaceae,Hubera,rumphii,Annonaceae,Huberantha,rumphii,Hubera rumphii is a synonym of Huberantha rumphii,NA,CP,logged
Hydnocarpus anomala,Achariaceae,Hydnocarpus,anomala,Achariaceae,Hydnocarpus,anomalus,anomala corrected to anomalus,NA,CP,logged
Hydnocarpus borneensis,Achariaceae,Hydnocarpus,borneensis,Achariaceae,Hydnocarpus,borneensis,,NA,"50ha, CP",both
Hydnocarpus polypetalus,Achariaceae,Hydnocarpus,polypetalus,Achariaceae,Hydnocarpus,polypetalus,,NA,50ha,unlogged
Hydnocarpus unknown mixed,Achariaceae,Hydnocarpus,unknown mixed,Achariaceae,Hydnocarpus,unknown mixed,not identified to species level,NA,"50ha, CP",both
Intsia palembanica,Fabaceae,Intsia,palembanica,Fabaceae,Intsia,palembanica,,NA,"50ha, CP",both
Intsia unknown mixed,Fabaceae,Intsia,unknown mixed,Fabaceae,Intsia,unknown mixed,not identified to species level,NA,50ha,unlogged
Irvingia malayana,Irvingiaceae,Irvingia,malayana,Irvingiaceae,Irvingia,malayana,,NA,50ha,unlogged
Ixora blumei,Rubiaceae,Ixora,blumei,Rubiaceae,Ixora,blumei,,NA,"50ha, CP",both
Ixora brevicaudata,Rubiaceae,Ixora,brevicaudata,Rubiaceae,Ixora,brevicaudata,,NA,50ha,unlogged
Ixora grandifolia,Rubiaceae,Ixora,grandifolia,Rubiaceae,Ixora,grandifolia,,NA,"50ha, CP",both
Ixora unknown mixed,Rubiaceae,Ixora,unknown mixed,Rubiaceae,Ixora,unknown mixed,not identified to species level,NA,50ha,unlogged
Kayea oblongifolia,Clusiaceae,Kayea,oblongifolia,Calophyllaceae,Kayea,oblongifolia,family corrected,NA,50ha,unlogged
Kayea unknown mixed,Calophyllaceae,Kayea,unknown mixed,Calophyllaceae,Kayea,unknown mixed,not identified to species level,NA,CP,logged
Kibara obtusa,Monimiaceae,Kibara,obtusa,Monimiaceae,Kibara,obtusa,,NA,"50ha, CP",both
Knema cinerea,Myristicaceae,Knema,cinerea,Myristicaceae,Knema,cinerea,,NA,50ha,unlogged
Knema elmeri,Myristicaceae,Knema,elmeri,Myristicaceae,Knema,elmeri,,NA,"50ha, CP",both
Knema furfuracea,Myristicaceae,Knema,furfuracea,Myristicaceae,Knema,furfuracea,,NA,50ha,unlogged
Knema glomerata,Myristicaceae,Knema,glomerata,Myristicaceae,Knema,glomerata,,NA,50ha,unlogged
Knema kostermannsiana,Myristicaceae,Knema,kostermannsiana,Myristicaceae,Knema,kostermansiana,kostermannsiana corrected to kostermansiana,NA,50ha,unlogged
Knema latericia,Myristicaceae,Knema,latericia,Myristicaceae,Knema,latericia,,NA,"50ha, CP",both
Knema laurina,Myristicaceae,Knema,laurina,Myristicaceae,Knema,laurina,,NA,"50ha, CP",both
Knema oblongata,Myristicaceae,Knema,oblongata,Myristicaceae,Knema,oblongata,,NA,50ha,unlogged
Knema pectinata,Myristicaceae,Knema,pectinata,Myristicaceae,Knema,pectinata,,NA,CP,logged
Knema pulchra,Myristicaceae,Knema,pulchra,Myristicaceae,Knema,pulchra,,NA,50ha,unlogged
Knema unknown mixed,Myristicaceae,Knema,unknown mixed,Myristicaceae,Knema,unknown mixed,not identified to species level,NA,"50ha, CP",both
Koilodepas laevigatum,Euphorbiaceae,Koilodepas,laevigatum,Euphorbiaceae,Koilodepas,laevigatum,,NA,50ha,unlogged
Koilodepas longifolium,Euphorbiaceae,Koilodepas,longifolium,Euphorbiaceae,Koilodepas,longifolium,,NA,"50ha, CP",both
Kokoona ochracea,Celastraceae,Kokoona,ochracea,Celastraceae,Kokoona,ochracea,,NA,50ha,unlogged
Koompassia excelsa,Fabaceae,Koompassia,excelsa,Fabaceae,Koompassia,excelsa,,NA,"50ha, CP",both
Kopsia pauciflora,Apocynaceae,Kopsia,pauciflora,Apocynaceae,Kopsia,pauciflora,,NA,50ha,unlogged
Lansium domesticum,Meliaceae,Lansium,domesticum,Meliaceae,Lansium,domesticum,,NA,"50ha, CP",both
Lasianthus borneensis,Rubiaceae,Lasianthus,borneensis,Rubiaceae,Lasianthus,borneensis,,NA,50ha,unlogged
Lasianthus maingayi,Rubiaceae,Lasianthus,maingayi,Rubiaceae,Lasianthus,reticulatus,Lasianthus maingayi is a synonym of Lasianthus reticulatus,NA,50ha,unlogged
Lasianthus species 1,Rubiaceae,Lasianthus,species 1,Rubiaceae,Lasianthus,species 1,not identified to species level,NA,50ha,unlogged
Lasianthus species 2,Rubiaceae,Lasianthus,species 2,Rubiaceae,Lasianthus,species 2,not identified to species level,NA,50ha,unlogged
Lasianthus species 3,Rubiaceae,Lasianthus,species 3,Rubiaceae,Lasianthus,species 3,not identified to species level,NA,50ha,unlogged
Lasianthus unknown mixed,Rubiaceae,Lasianthus,unknown mixed,Rubiaceae,Lasianthus,unknown mixed,not identified to species level,NA,50ha,unlogged
Leea aculeata,Leeaceae,Leea,aculeata,Vitaceae,Leea,aculeata,family corrected,NA,"50ha, CP",both
Leea indica,Vitaceae,Leea,indica,Vitaceae,Leea,indica,not recorded as occuring in Borneo,NA,50ha,unlogged
Lepisanthes fruticosa,Sapindaceae,Lepisanthes,fruticosa,Sapindaceae,Lepisanthes,fruticosa,,NA,50ha,unlogged
Lepisanthes senegalensis,Sapindaceae,Lepisanthes,senegalensis,Sapindaceae,Lepisanthes,senegalensis,,NA,"50ha, CP",both
Lepisanthes tetraphylla,Sapindaceae,Lepisanthes,tetraphylla,Sapindaceae,Lepisanthes,tetraphylla,,NA,50ha,unlogged
Lepisanthes unknown mixed,Sapindaceae,Lepisanthes,unknown mixed,Sapindaceae,Lepisanthes,unknown mixed,not identified to species level,NA,"50ha, CP",both
Licania splendens,Chrysobalanaceae,Licania,splendens,Chrysobalanaceae,Angelesia,splendens,Licania splendens is a synonym for Angelesia splendens,NA,50ha,unlogged
Lithocarpus ewyckii,Fagaceae,Lithocarpus,ewyckii,Fagaceae,Lithocarpus,ewyckii,,NA,"50ha, CP",both
Lithocarpus gracilis,Fagaceae,Lithocarpus,gracilis,Fagaceae,Lithocarpus,gracilis,,NA,"50ha, CP",both
Lithocarpus leptogyne,Fagaceae,Lithocarpus,leptogyne,Fagaceae,Lithocarpus,leptogyne,,NA,"50ha, CP",both
Lithocarpus nieuwenhuisii,Fagaceae,Lithocarpus,nieuwenhuisii,Fagaceae,Lithocarpus,nieuwenhuisii,,NA,"50ha, CP",both
Lithocarpus species 1,Fagaceae,Lithocarpus,species 1,Fagaceae,Lithocarpus,species 1,not identified to species level,NA,50ha,unlogged
Lithocarpus species 2,Fagaceae,Lithocarpus,species 2,Fagaceae,Lithocarpus,species 2,not identified to species level,NA,50ha,unlogged
Lithocarpus species 3,Fagaceae,Lithocarpus,species 3,Fagaceae,Lithocarpus,species 3,not identified to species level,NA,50ha,unlogged
Lithocarpus species 4,Fagaceae,Lithocarpus,species 4,Fagaceae,Lithocarpus,species 4,not identified to species level,NA,50ha,unlogged
Lithocarpus species 5,Fagaceae,Lithocarpus,species 5,Fagaceae,Lithocarpus,species 5,not identified to species level,NA,50ha,unlogged
Lithocarpus species 6,Fagaceae,Lithocarpus,species 6,Fagaceae,Lithocarpus,species 6,not identified to species level,NA,50ha,unlogged
Lithocarpus species 7,Fagaceae,Lithocarpus,species 7,Fagaceae,Lithocarpus,species 7,not identified to species level,NA,50ha,unlogged
Lithocarpus species 8,Fagaceae,Lithocarpus,species 8,Fagaceae,Lithocarpus,species 8,not identified to species level,NA,50ha,unlogged
Lithocarpus species 9,Fagaceae,Lithocarpus,species 9,Fagaceae,Lithocarpus,species 9,not identified to species level,NA,50ha,unlogged
Lithocarpus unknown mixed,Fagaceae,Lithocarpus,unknown mixed,Fagaceae,Lithocarpus,unknown mixed,not identified to species level,NA,CP,logged
Litsea accedens,Lauraceae,Litsea,accedens,Lauraceae,Litsea,accedens,,NA,"50ha, CP",both
Litsea angulata,Lauraceae,Litsea,angulata,Lauraceae,Litsea,angulata,,NA,"50ha, CP",both
Litsea caulocarpa,Lauraceae,Litsea,caulocarpa,Lauraceae,Litsea,caulocarpa,,NA,"50ha, CP",both
Litsea cordifolia,Lauraceae,Litsea,cordifolia,Lauraceae,Litsea,cordata,Litsea cordifolia is a synonym of Litsea cordata,NA,"50ha, CP",both
Litsea cuprea,Lauraceae,Litsea,cuprea,Lauraceae,Litsea,cuprea,,NA,50ha,unlogged
Litsea curtisii,Lauraceae,Litsea,curtisii,Lauraceae,Litsea,curtisii,,NA,50ha,unlogged
Litsea elliptica,Lauraceae,Litsea,elliptica,Lauraceae,Litsea,elliptica,,NA,50ha,unlogged
Litsea ferruginea,Lauraceae,Litsea,ferruginea,Lauraceae,Litsea,ferruginea,,NA,50ha,unlogged
Litsea ficoidea,Lauraceae,Litsea,ficoidea,Lauraceae,Litsea,ficoidea,,NA,50ha,unlogged
Litsea fulva,Lauraceae,Litsea,fulva,Lauraceae,Litsea,fulva,,NA,"50ha, CP",both
Litsea garciae,Lauraceae,Litsea,garciae,Lauraceae,Litsea,garciae,not recorded as occuring in Borneo,NA,"50ha, CP",both
Litsea grandis,Lauraceae,Litsea,grandis,Lauraceae,Litsea,grandis,,NA,"50ha, CP",both
Litsea longifolia,Lauraceae,Litsea,longifolia,Lauraceae,Litsea,ligustrina,Litsea longifolia is a synonym of Litsea ligustrina. not recorded as occuring in Borneo.,NA,50ha,unlogged
Litsea machilifolia,Lauraceae,Litsea,machilifolia,Lauraceae,Litsea,machilifolia,,NA,50ha,unlogged
Litsea oppositifolia,Lauraceae,Litsea,oppositifolia,Lauraceae,Litsea,oppositifolia,,NA,"50ha, CP",both
Litsea robusta,Lauraceae,Litsea,robusta,Lauraceae,Litsea,robusta,,NA,50ha,unlogged
Litsea unknown mixed,Lauraceae,Litsea,unknown mixed,Lauraceae,Litsea,unknown mixed,not identified to species level,NA,"50ha, CP",both
Lophopetalum beccarianum,Celastraceae,Lophopetalum,beccarianum,Celastraceae,Lophopetalum,beccarianum,,NA,"50ha, CP",both
Lophopetalum javanicum,Celastraceae,Lophopetalum,javanicum,Celastraceae,Lophopetalum,javanicum,,NA,"50ha, CP",both
Lophopetalum unknown mixed,Celastraceae,Lophopetalum,unknown mixed,Celastraceae,Lophopetalum,unknown mixed,not identified to species level,NA,50ha,unlogged
Ludekia borneensis,Rubiaceae,Ludekia,borneensis,Rubiaceae,Ludekia,borneensis,,NA,"50ha, CP",both
Ludekia unknown mixed,Rubiaceae,Ludekia,unknown mixed,Rubiaceae,Ludekia,unknown mixed,not identified to species level,NA,CP,logged
Maasia sumatrana,Annonaceae,Maasia,sumatrana,Annonaceae,Maasia,sumatrana,,NA,CP,logged
Macaranga conifera,Euphorbiaceae,Macaranga,conifera,Euphorbiaceae,Macaranga,conifera,,NA,CP,logged
Macaranga gigantea,Euphorbiaceae,Macaranga,gigantea,Euphorbiaceae,Macaranga,gigantea,,NA,CP,logged
Macaranga hypoleuca,Euphorbiaceae,Macaranga,hypoleuca,Euphorbiaceae,Macaranga,hypoleuca,,NA,"50ha, CP",both
Macaranga pearsonii,Euphorbiaceae,Macaranga,pearsonii,Euphorbiaceae,Macaranga,pearsonii,,NA,"50ha, CP",both
Macaranga winkleri,Euphorbiaceae,Macaranga,winkleri,Euphorbiaceae,Macaranga,winkleri,,NA,50ha,unlogged
Madhuca elmeri,Sapotaceae,Madhuca,elmeri,Sapotaceae,Madhuca,elmeri,,NA,"50ha, CP",both
Madhuca kingiana,Sapotaceae,Madhuca,kingiana,Sapotaceae,Madhuca,kingiana,,NA,"50ha, CP",both
Madhuca korthalsii,Sapotaceae,Madhuca,korthalsii,Sapotaceae,Madhuca,korthalsii,,NA,"50ha, CP",both
Madhuca kunstleri,Sapotaceae,Madhuca,kunstleri,Sapotaceae,Madhuca,kunstleri,,NA,50ha,unlogged
Madhuca mindanaensis,Sapotaceae,Madhuca,mindanaensis,Sapotaceae,Madhuca,mindanaensis,,NA,50ha,unlogged
Madhuca unknown mixed,Sapotaceae,Madhuca,unknown mixed,Sapotaceae,Madhuca,unknown mixed,not identified to species level,NA,50ha,unlogged
Magnolia beccarii,Magnoliaceae,Magnolia,beccarii,Magnoliaceae,Magnolia,beccarii,,NA,50ha,unlogged
Magnolia candolii,Magnoliaceae,Magnolia,candolii,Magnoliaceae,Magnolia,acuminata,"likely should have been Magnolia candollei, which is a synonym of Magnolia acuminata",NA,"50ha, CP",both
Magnolia gigantifolia,Magnoliaceae,Magnolia,gigantifolia,Magnoliaceae,Magnolia,gigantifolia,,NA,"50ha, CP",both
Mallotus korthalsii,Euphorbiaceae,Mallotus,korthalsii,Euphorbiaceae,Mallotus,korthalsii,,NA,"50ha, CP",both
Mallotus lackeyi,Euphorbiaceae,Mallotus,lackeyi,Euphorbiaceae,Mallotus,lackeyi,,NA,"50ha, CP",both
Mallotus miquelianus,Euphorbiaceae,Mallotus,miquelianus,Euphorbiaceae,Mallotus,miquelianus,,NA,50ha,unlogged
Mallotus penangensis,Euphorbiaceae,Mallotus,penangensis,Euphorbiaceae,Hancea,penangensis,Mallotus penangensis is a synonym of Hancea penangensis,NA,CP,logged
Mallotus species 1,Euphorbiaceae,Mallotus,species 1,Euphorbiaceae,Mallotus,species 1,not identified to species level,NA,"50ha, CP",both
Mallotus stipularis,Euphorbiaceae,Mallotus,stipularis,Euphorbiaceae,Hancea,stipularis,Mallotus stipularis is a synonym of Hancea stipularis,NA,CP,logged
Mallotus unknown mixed,Euphorbiaceae,Mallotus,unknown mixed,Euphorbiaceae,Mallotus,unknown mixed,not identified to species level,NA,"50ha, CP",both
Mallotus wrayi,Euphorbiaceae,Mallotus,wrayi,Euphorbiaceae,Mallotus,wrayi,,NA,"50ha, CP",both
Mangifera foetida,Anacardiaceae,Mangifera,foetida,Anacardiaceae,Mangifera,caesia,Mangifera foetida is a synonym of Mangifera caesia. Recorded as introduced to borneo.,NA,"50ha, CP",both
Mangifera indica,Anacardiaceae,Mangifera,indica,Anacardiaceae,Mangifera,indica,not recorded as occuring in borneo,NA,50ha,unlogged
Mangifera odorata,Anacardiaceae,Mangifera,odorata,Anacardiaceae,Mangifera,odorata,Recorded as introduced to borneo,NA,50ha,unlogged
Mangifera pajang,Anacardiaceae,Mangifera,pajang,Anacardiaceae,Mangifera,pajang,,NA,"50ha, CP",both
Mangifera rufocostata,Anacardiaceae,Mangifera,rufocostata,Anacardiaceae,Mangifera,rufocostata,,NA,50ha,unlogged
Mangifera species 1,Anacardiaceae,Mangifera,species 1,Anacardiaceae,Mangifera,species 1,not identified to species level,NA,50ha,unlogged
Mangifera swintonioides,Anacardiaceae,Mangifera,swintonioides,Anacardiaceae,Mangifera,swintonioides,,NA,50ha,unlogged
Mangifera unknown mixed,Anacardiaceae,Mangifera,unknown mixed,Anacardiaceae,Mangifera,unknown mixed,not identified to species level,NA,"50ha, CP",both
Maranthes corymbosa,Chrysobalanaceae,Maranthes,corymbosa,Chrysobalanaceae,Maranthes,corymbosa,,NA,50ha,unlogged
Marsypopetalum pallidum,Annonaceae,Marsypopetalum,pallidum,Annonaceae,Marsypopetalum,pallidum,,NA,50ha,unlogged
Maschalocarybus corymbosus,Rubiaceae,Maschalocarybus,corymbosus,Rubiaceae,Urophyllum ,corymbosum,"assumed to be Maschalocorymbus corymbosus, which is a synonym of Urophyllum corymbosum",NA,CP,logged
Mastixia trichotoma,Cornaceae,Mastixia,trichotoma,Nyssaceae,Mastixia,trichotoma,family corrected,NA,"50ha, CP",both
Meiogyne virgata,Annonaceae,Meiogyne,virgata,Annonaceae,Meiogyne,virgata,,NA,"50ha, CP",both
Melanochyla auriculata,Anacardiaceae,Melanochyla,auriculata,Anacardiaceae,Melanochyla,auriculata,,NA,50ha,unlogged
Melanochyla beccariana,Anacardiaceae,Melanochyla,beccariana,Anacardiaceae,Melanochyla,beccariana,,NA,"50ha, CP",both
Melanochyla unknown mixed,Anacardiaceae,Melanochyla,unknown mixed,Anacardiaceae,Melanochyla,unknown mixed,not identified to species level,NA,50ha,unlogged
Melastoma malabathricum,Melastomataceae,Melastoma,malabathricum,Melastomataceae,Melastoma,malabathricum,,NA,50ha,unlogged
Melicope lunu-ankenda,Rutaceae,Melicope ,lunu-ankenda,Rutaceae,Melicope ,lunu-ankenda,not recorded as occuring in borneo,NA,CP,logged
Melicope unknown mixed,Rutaceae,Melicope ,unknown mixed,Rutaceae,Melicope ,unknown mixed,not identified to species level,NA,CP,logged
Meliosma pinnata,Sabiaceae,Meliosma,pinnata,Sabiaceae,Meliosma,pinnata,,NA,"50ha, CP",both
Meliosma sumatrana,Sabiaceae,Meliosma,sumatrana,Sabiaceae,Meliosma,sumatrana,,NA,"50ha, CP",both
Memecylon costatum,Memecylaceae,Memecylon,costatum,Melastomataceae,Memecylon,paniculatum,family corrected. memecylon costatum is a synonym of Memecylon paniculatum,NA,"50ha, CP",both
Memecylon laevigatum,Melastomataceae,Memecylon,laevigatum,Melastomataceae,Memecylon,lilacinum,Memecylon laevigatum is a synonym of Memecylon lilacinum,NA,50ha,unlogged
Memecylon oleifolium,Melastomataceae,Memecylon,oleifolium,Melastomataceae,Memecylon,oleifolium,,NA,50ha,unlogged
Memecylon paniculatum,Memecylaceae,Memecylon,paniculatum,Melastomataceae,Memecylon,paniculatum,corrected family,NA,"50ha, CP",both
Memecylon species 1,Melastomataceae,Memecylon,species 1,Melastomataceae,Memecylon, species 1,not identified to species level,NA,50ha,unlogged
Memecylon species 2,Melastomataceae,Memecylon,species 2,Melastomataceae,Memecylon,species 2,not identified to species level,NA,50ha,unlogged
Memecylon species 3,Melastomataceae,Memecylon,species 3,Melastomataceae,Memecylon,species 3,not identified to species level,NA,50ha,unlogged
Merope angulata,Rutaceae,Merope,angulata,Rutaceae,Merope,angulata,,NA,50ha,unlogged
Mesua borneensis,Clusiaceae,Mesua,borneensis,Calophyllaceae,Kayea,borneensis,"faimly corrected. Mesua borneensis is not listed as a synonym of Kayea borneensis on POWO, but a different site said that the two are synonyms. https://www.asianplant.net/Calophyllaceae/Mesua_borneensis.htm  ",NA,50ha,unlogged
Mesua macrantha,Clusiaceae,Mesua,macrantha,Calophyllaceae,Kayea,macrantha,corrected family; Mesua macrantha is a synonym of Kayea macrantha,NA,50ha,unlogged
Mesua unknown mixed,Clusiaceae,Mesua,unknown mixed,Clusiaceae,Mesua,unknown mixed,"not identified to species level and therefore cannot be corrected, but likely the family needs to be corrected to Calophyllaceae, and likely the genus should be Kayea not Mesua.",NA,50ha,unlogged
Microcos antidesmifolia,Malvaceae,Microcos,antidesmifolia,Malvaceae,Microcos,antidesmifolia,,NA,50ha,unlogged
Microcos crassifolia,Malvaceae,Microcos,crassifolia,Malvaceae,Microcos,crassifolia,,NA,"50ha, CP",both
Microcos fibrocarpa,Malvaceae,Microcos,fibrocarpa,Malvaceae,Microcos,fibrocarpa,,NA,"50ha, CP",both
Microcos latistipulata,Malvaceae,Microcos,latistipulata,Malvaceae,Microcos,latistipulata,,NA,"50ha, CP",both
Microcos ossea,Malvaceae,Microcos,ossea,Malvaceae,Microcos,ossea,,NA,"50ha, CP",both
Microcos unknown mixed,Malvaceae,Microcos,unknown mixed,Malvaceae,Microcos,unknown mixed,not identified to species level.,NA,"50ha, CP",both
Mischocarpus pentapetalus,Sapindaceae,Mischocarpus,pentapetalus,Sapindaceae,Mischocarpus,pentapetalus,,NA,50ha,unlogged
Monanthocitrus oblanceolata,Rutaceae,Monanthocitrus,oblanceolata,Rutaceae,Monanthocitrus,oblanceolata,,NA,50ha,unlogged
Monocarpia borneensis,Annonaceae,Monocarpia,borneensis,Annonaceae,Monocarpia,borneensis,,NA,50ha,unlogged
Monoon erianthoides,Annonaceae,Monoon,erianthoides,Annonaceae,Monoon,erianthoides,,NA,"50ha, CP",both
Monoon grandiflorum,Annonaceae,Monoon,grandiflorum,Annonaceae,Monoon,grandiflorum,,NA,"50ha, CP",both
Monoon hookerianum,Annonaceae,Monoon,hookerianum,Annonaceae,Monoon,hookerianum,,NA,"50ha, CP",both
Monoon species 1,Annonaceae,Monoon,species 1,Annonaceae,Monoon,species 1,not identified to species level.,NA,50ha,unlogged
Monoon species 2,Annonaceae,Monoon,species 2,Annonaceae,Monoon,species 2,not identified to species level,NA,50ha,unlogged
Monoon xanthopetalum,Annonaceae,Monoon,xanthopetalum,Annonaceae,Monoon,xanthopetalum,,NA,50ha,unlogged
Myristica cinnamomea,Myristicaceae,Myristica,cinnamomea,Myristicaceae,Myristica,cinnamomea,,NA,50ha,unlogged
Myrmeconauclea strigosa,Rubiaceae,Myrmeconauclea,strigosa,Rubiaceae,Myrmeconauclea,strigosa,,NA,50ha,unlogged
Nauclea sp1,Rubiaceae,Nauclea,sp1,Rubiaceae,Nauclea,sp1,not identified to species level,NA,CP,logged
Nauclea subdita,Rubiaceae,Nauclea,subdita,Rubiaceae,Nauclea,subdita,,NA,CP,logged
Nauclea unknown mixed,Rubiaceae,Nauclea,unknown mixed,Rubiaceae,Nauclea,unknown mixed,not identified to species level,NA,"50ha, CP",both
Neesia synandra,Malvaceae,Neesia,synandra,Malvaceae,Neesia,synandra,,NA,"50ha, CP",both
Neesia unknown mixed,Malvaceae,Neesia,unknown mixed,Malvaceae,Neesia,unknown mixed,not identified to species level,NA,CP,logged
Neo-Uvaria acuminatissima,Annonaceae,Neo-Uvaria,acuminatissima,Annonaceae,Neo-Uvaria,acuminatissima,,NA,50ha,unlogged
Neo-Uvaria unknown mixed,Annonaceae,Neo-Uvaria,unknown mixed,Annonaceae,Neo-Uvaria,unknown mixed,not identified to species level,NA,50ha,unlogged
Neo-uvaria acuminatissima,Annonaceae,Neo-uvaria,acuminatissima,Annonaceae,Neo-Uvaria,acuminatissima,,NA,CP,logged
Neolamarckia cadamba,Rubiaceae,Neolamarckia,cadamba,Rubiaceae,Neolamarckia,cadamba,,NA,"50ha, CP",both
Neonauclea  gigantea,Rubiaceae,Neonauclea ,gigantea,Rubiaceae,Neonauclea ,gigantea,,NA,CP,logged
Neonauclea sp,Rubiaceae,Neonauclea,sp,Rubiaceae,Neonauclea,sp,not identified to species level,NA,CP,logged
Neonauclea sp1,Rubiaceae,Neonauclea,sp1,Rubiaceae,Neonauclea,sp1,not identified to species level,NA,CP,logged
Neoscortechinia kingii,Euphorbiaceae,Neoscortechinia,kingii,Euphorbiaceae,Neoscortechinia,kingii,,NA,"50ha, CP",both
Nephelium cuspidatum,Sapindaceae,Nephelium,cuspidatum,Sapindaceae,Nephelium,cuspidatum,,NA,"50ha, CP",both
Nephelium maingayi,Sapindaceae,Nephelium,maingayi,Sapindaceae,Nephelium,maingayi,,NA,"50ha, CP",both
Nephelium ramboutan-ake,Sapindaceae,Nephelium,ramboutan-ake,Sapindaceae,Nephelium,ramboutan-ake,,NA,"50ha, CP",both
Nothaphoebe canascens,Lauraceae,Nothaphoebe,canascens,Lauraceae,Nothaphoebe,canescens,canascens corrected to canescens,NA,"50ha, CP",both
Nothaphoebe heterophylla,Lauraceae,Nothaphoebe,heterophylla,Lauraceae,Nothaphoebe,heterophylla,,NA,50ha,unlogged
Nothaphoebe letophylla,Lauraceae,Nothaphoebe,letophylla,Lauraceae,Nothaphoebe,unknown,"could not find this species on POWO, or online. Not clear what this species is supposed to be.",NA,50ha,unlogged
Nothaphoebe umbelliflora,Lauraceae,Nothaphoebe,umbelliflora,Lauraceae,Nothaphoebe,umbelliflora,,NA,"50ha, CP",both
Nothaphoebe unknown mixed,Lauraceae,Nothaphoebe,unknown mixed,Lauraceae,Nothaphoebe,unknown mixed,not identified to species level,NA,CP,logged
Nyssa javanica,Nyssaceae,Nyssa,javanica,Nyssaceae,Nyssa,javanica,,NA,50ha,unlogged
Ochanostachys amentacea,Olacaceae,Ochanostachys,amentacea,Olacaceae,Ochanostachys,amentacea,,NA,"50ha, CP",both
Octomeles sumatrana,Tetramelaceae,Octomeles,sumatrana,Tetramelaceae,Octomeles,sumatrana,,NA,"50ha, CP",both
Oreocnide trinervis,Urticaceae,Oreocnide,trinervis,Urticaceae,Oreocnide,trinervis,,NA,50ha,unlogged
Ormosia bancana,Fabaceae,Ormosia,bancana,Fabaceae,Ormosia,bancana,,NA,"50ha, CP",both
Orophea corymbosa,Annonaceae,Orophea,corymbosa,Annonaceae,Orophea,corymbosa,,NA,"50ha, CP",both
Orophea creaghii,Annonaceae,Orophea,creaghii,Annonaceae,Orophea,creaghii,,NA,50ha,unlogged
Orophea myriantha,Annonaceae,Orophea,myriantha,Annonaceae,Orophea,myriantha,,NA,"50ha, CP",both
Palaquium beccarianum,Sapotaceae,Palaquium,beccarianum,Sapotaceae,Palaquium,beccarianum,,NA,"50ha, CP",both
Palaquium dasyphyllum,Sapotaceae,Palaquium,dasyphyllum,Sapotaceae,Palaquium,dasyphyllum,,NA,"50ha, CP",both
Palaquium maingayi,Sapotaceae,Palaquium,maingayi,Sapotaceae,Palaquium,maingayi,,NA,"50ha, CP",both
Palaquium sericeum,Sapotaceae,Palaquium,sericeum,Sapotaceae,Palaquium,sericeum,,NA,50ha,unlogged
Palaquium unknown mixed,Sapotaceae,Palaquium,unknown mixed,Sapotaceae,Palaquium,unknown mixed,not identified to species level,NA,50ha,unlogged
Pangium edule,Achariaceae,Pangium,edule,Achariaceae,Pangium,edule,,NA,50ha,unlogged
Paranephelium macrophyllum,Sapindaceae,Paranephelium,macrophyllum,Sapindaceae,Paranephelium,macrophyllum,,NA,"50ha, CP",both
Paranephelium xestophyllum,Sapindaceae,Paranephelium,xestophyllum,Sapindaceae,Paranephelium,xestophyllum,,NA,"50ha, CP",both
Parashorea malaanonan,Dipterocarpaceae,Parashorea,malaanonan,Dipterocarpaceae,Parashorea,malaanonan,,"ActiveRestoration, NaturalRegeneration, Unlogged","50ha, CP, IF",both
Parashorea tomentella,Dipterocarpaceae,Parashorea,tomentella,Dipterocarpaceae,Parashorea,tomentella,,"NaturalRegeneration, Unlogged","50ha, CP, IF",both
Parastemon urophyllus,Chrysobalanaceae,Parastemon,urophyllus,Chrysobalanaceae,Parastemon,urophyllus,,NA,50ha,unlogged
Parinari excelsa,Chrysobalanaceae,Parinari,excelsa,Chrysobalanaceae,Parinari,excelsa,,NA,"50ha, CP",both
Parinari oblongifolia,Chrysobalanaceae,Parinari,oblongifolia,Chrysobalanaceae,Parinari,oblongifolia,,NA,"50ha, CP",both
Parinari unknown mixed,Chrysobalanaceae,Parinari,unknown mixed,Chrysobalanaceae,Parinari,unknown mixed,not identified to species level,NA,"50ha, CP",both
Parkia speciosa,Fabaceae-mimosoideae,Parkia,speciosa,Fabaceae,Parkia,speciosa,family corrected,NA,50ha,unlogged
Parkia unknown mixed,Fabaceae,Parkia,unknown mixed,Fabaceae,Parkia,unknown mixed,not identified to species level,NA,CP,logged
Pavetta wallichiana,Rubiaceae,Pavetta,wallichiana,Rubiaceae,Pavetta,wallichiana,,NA,50ha,unlogged
Payena Unknown species1,Sapotaceae,Payena,Unknown species1,Sapotaceae,Payena,Unknown species1,not identified to species level,NA,50ha,unlogged
Payena acuminata,Sapotaceae,Payena,acuminata,Sapotaceae,Payena,acuminata,,NA,"50ha, CP",both
Payena microphylla,Sapotaceae,Payena,microphylla,Sapotaceae,Payena,microphylla,,NA,"50ha, CP",both
Payena unknown mixed,Sapotaceae,Payena,unknown mixed,Sapotaceae,Payena,unknown mixed,not identified to species level,NA,CP,logged
Peltophorum racemosum,Fabaceae,Peltophorum,racemosum,Fabaceae,Peltophorum,racemosum,,NA,"50ha, CP",both
Pentace adenophora,Malvaceae,Pentace,adenophora,Malvaceae,Pentace,adenophora,,NA,"50ha, CP",both
Pentace laxiflora,Malvaceae,Pentace,laxiflora,Malvaceae,Pentace,laxiflora,,"NaturalRegeneration, Unlogged","50ha, CP, IF",both
Pentace unknown mixed,Malvaceae,Pentace,unknown mixed,Malvaceae,Pentace,unknown mixed,not identified to species level,NA,CP,logged
Phaeanthus ophthalmicus,Annonaceae,Phaeanthus,ophthalmicus,Annonaceae,Phaeanthus,ophthalmicus,,NA,50ha,unlogged
Phaeanthus splendens,Annonaceae,Phaeanthus,splendens,Annonaceae,Phaeanthus,splendens,,NA,"50ha, CP",both
Phaleria capitata,Thymelaeaceae,Phaleria ,capitata,Thymelaeaceae,Phaleria ,capitata,,NA,CP,logged
Phoebe grandis,Lauraceae,Phoebe,grandis,Lauraceae,Phoebe,grandis,,NA,50ha,unlogged
Planchonia brevistipitata,Barringtoniaceae,Planchonia,brevistipitata,Lecythidaceae,Planchonia,brevistipitata,family corrected,NA,"50ha, CP",both
Planchonia unknown,Lecythidaceae,Planchonia,unknown,Lecythidaceae,Planchonia,unknown,not identified to species level,NA,50ha,unlogged
Planchonia unknown mixed,Barringtoniaceae,Planchonia,unknown mixed,Lecythidaceae,Planchonia,unknown mixed,family corrected; not identified to species level,NA,CP,logged
Planchonia valida,Lecythidaceae,Planchonia,valida,Lecythidaceae,Planchonia,valida,,NA,50ha,unlogged
Pleiocarpidia sandakanica,Rubiaceae,Pleiocarpidia,sandakanica,Rubiaceae,Urophyllum,sandahanicum,assumed to be pleiocarpidia sandahanica; which is a synonym of Urophyllum sandahanicum,NA,"50ha, CP",both
Polyalthia borneensis,Annonaceae,Polyalthia,borneensis,Annonaceae,Polyalthia,borneensis,,NA,50ha,unlogged
Polyalthia cauliflora,Annonaceae,Polyalthia,cauliflora,Annonaceae,Polyalthia,cauliflora,,NA,"50ha, CP",both
Polyalthia insignis,Annonaceae,Polyalthia,insignis,Annonaceae,Polyalthia,insignis,,NA,50ha,unlogged
Polyalthia microtus,Annonaceae,Polyalthia,microtus,Annonaceae,Polyalthia,microtus,,NA,50ha,unlogged
Polyalthia obliqua,Annonaceae,Polyalthia,obliqua,Annonaceae,Polyalthia,obliqua,,NA,"50ha, CP",both
Polyalthia saprosma,Annonaceae,Polyalthia,saprosma,Annonaceae,Polyalthia,saprosma,,NA,50ha,unlogged
Polyalthia species 3,Annonaceae,Polyalthia,species 3,Annonaceae,Polyalthia,species 3,not identified to species level,NA,50ha,unlogged
Polyosma integrifolia,Polyosmaceae,Polyosma,integrifolia,Escalloniaceae,Polyosma,integrifolia,family corrected,NA,50ha,unlogged
Pometia pinnata,Sapindaceae,Pometia,pinnata,Sapindaceae,Pometia,pinnata,,NA,"50ha, CP",both
Popowia hirtum,Annonaceae,Popowia,hirtum,Annonaceae,Popowia,hirta,hirtum corrected to hirta,NA,50ha,unlogged
Popowia odoardoi,Annonaceae,Popowia,odoardoi,Annonaceae,Popowia,odoardi,odoardoi corrected to odoardi,NA,50ha,unlogged
Popowia pisocarpa,Annonaceae,Popowia,pisocarpa,Annonaceae,Popowia,pisocarpa,,NA,50ha,unlogged
Popowia unknown mixed,Annonaceae,Popowia,unknown mixed,Annonaceae,Popowia,unknown mixed,not identified to species level,NA,50ha,unlogged
Prainea limpato,Moraceae,Prainea,limpato,Moraceae,Prainea,limpato,,NA,50ha,unlogged
Praravinia suberosa,Rubiaceae,Praravinia,suberosa,Rubiaceae,Praravinia,suberosa,,NA,50ha,unlogged
Praravinia unknown mixed,Rubiaceae,Praravinia,unknown mixed,Rubiaceae,Praravinia,unknown mixed,not identified to species level,NA,50ha,unlogged
Praravinia verruculosa,Rubiaceae,Praravinia,verruculosa,Rubiaceae,Praravinia,verruculosa,,NA,50ha,unlogged
Prismatomeris beccariana,Rubiaceae,Prismatomeris,beccariana,Rubiaceae,Prismatomeris,beccariana,,NA,50ha,unlogged
Prismatomeris species 1,Rubiaceae,Prismatomeris,species 1,Rubiaceae,Prismatomeris,species 1,not identified to species level,NA,50ha,unlogged
Prunus polystachya,Rosaceae,Prunus,polystachya,Rosaceae,Prunus,polystachya,,NA,CP,logged
Prunus unknown mixed,Rosaceae,Prunus,unknown mixed,Rosaceae,Prunus,unknown mixed,not identified to species level,NA,CP,logged
Pseuduvaria pamattonis,Annonaceae,Pseuduvaria,pamattonis,Annonaceae,Pseuduvaria,pamattonis,,NA,50ha,unlogged
Pseuduvaria reticulata,Annonaceae,Pseuduvaria,reticulata,Annonaceae,Pseuduvaria,reticulata,,NA,"50ha, CP",both
Psychotria species 1,Rubiaceae,Psychotria,species 1,Rubiaceae,Psychotria,species 1,not identified to species level,NA,50ha,unlogged
Psychotria species 2,Rubiaceae,Psychotria,species 2,Rubiaceae,Psychotria,species 2,not identified to species level,NA,50ha,unlogged
Psydrax dicoccus,Rubiaceae,Psydrax,dicoccus,Rubiaceae,Psydrax,dicoccos,dicoccus corrected to dicoccos,NA,"50ha, CP",both
Pternandra coerulescens,Melastomataceae,Pternandra,coerulescens,Melastomataceae,Pternandra,coerulescens,,NA,"50ha, CP",both
Pterospermum javanicum,Malvaceae,Pterospermum,javanicum,Malvaceae,Pterospermum,javanicum,,"ActiveRestoration, Unlogged","50ha, CP, IF",both
Pterospermum subpeltatum,Malvaceae,Pterospermum,subpeltatum,Malvaceae,Pterospermum,subpeltatum,,NA,50ha,unlogged
Pterospermum unknown mixed,Malvaceae,Pterospermum,unknown mixed,Malvaceae,Pterospermum,unknown mixed,not identified to species level,NA,CP,logged
Pterygota alata,Malvaceae,Pterygota,alata,Malvaceae,Pterygota,alata,,NA,CP,logged
Ptychopyxis arborea,Euphorbiaceae,Ptychopyxis,arborea,Euphorbiaceae,Ptychopyxis,arborea,,NA,"50ha, CP",both
Putranjiva roxburghii,Putranjivaceae,Putranjiva,roxburghii,Putranjivaceae,Putranjiva,roxburghii,,NA,50ha,unlogged
Pyrenaria acuminata,Theaceae,Pyrenaria,acuminata,Theaceae,Pyrenaria,acuminata,not recorded as occuring in borneo,NA,50ha,unlogged
Quercus argentata,Fagaceae,Quercus,argentata,Fagaceae,Quercus,argentata,,NA,50ha,unlogged
Quercus unknown mixed,Fagaceae,Quercus,unknown mixed,Fagaceae,Quercus,unknown mixed,not identified to species level,NA,50ha,unlogged
Reinwardtiodendron humile,Meliaceae,Reinwardtiodendron,humile,Meliaceae,Reinwardtiodendron,humile,,NA,"50ha, CP",both
Rennellia borneensis,Rubiaceae,Rennellia,borneensis,Rubiaceae,Rennellia,borneensis,,NA,50ha,unlogged
Rinorea bengalensis,Violaceae,Rinorea,bengalensis,Violaceae,Rinorea,bengalensis,,NA,50ha,unlogged
Rinorea congesta,Violaceae,Rinorea,congesta,Violaceae,Rinorea,congesta,,NA,50ha,unlogged
Rinorea unknown,Violaceae,Rinorea,unknown,Violaceae,Rinorea,unknown,not identified to species level,NA,50ha,unlogged
Rothmannia pseudoternisfolia,Rubiaceae,Rothmannia,pseudoternisfolia,Rubiaceae,Ridsdalea,pseudoternifolia,Rothmannia pseudoternisfolia corrected to Ridsdalea pseudoternifolia,NA,"50ha, CP",both
Ryparosa acuminata,Achariaceae,Ryparosa,acuminata,Achariaceae,Ryparosa,acuminata,,NA,"50ha, CP",both
Ryparosa hullettii,Achariaceae,Ryparosa,hullettii,Achariaceae,Ryparosa,hullettii,,NA,"50ha, CP",both
Ryparosa unknown mixed,Achariaceae,Ryparosa,unknown mixed,Achariaceae,Ryparosa,unknown mixed,not identified to species level,NA,50ha,unlogged
Sageraea elliptica,Annonaceae,Sageraea,elliptica,Annonaceae,Sageraea,elliptica,,NA,CP,logged
Sageraea lanceolata,Annonaceae,Sageraea,lanceolata,Annonaceae,Sageraea,lanceolata,,NA,50ha,unlogged
Sageraea sarawakensis,Annonaceae,Sageraea,sarawakensis,Annonaceae,Sageraea,sarawakensis,,NA,50ha,unlogged
Santiria laevigata,Burseraceae,Santiria,laevigata,Burseraceae,Santiria,laevigata,,NA,"50ha, CP",both
Santiria species 1,Burseraceae,Santiria,species 1,Burseraceae,Santiria,species 1,not identified to species level,NA,50ha,unlogged
Santiria tomentosa,Burseraceae,Santiria,tomentosa,Burseraceae,Santiria,tomentosa,,NA,"50ha, CP",both
Saraca declinata,Fabaceae,Saraca,declinata,Fabaceae,Saraca,declinata,,NA,50ha,unlogged
Saurauia agamae,Actinidiaceae,Saurauia,agamae,Actinidiaceae,Saurauia,agamae,,NA,50ha,unlogged
Saurauia sp,Actinidiaceae,Saurauia,sp,Actinidiaceae,Saurauia,sp,not identified to species level,NA,50ha,unlogged
Saurauia unknown mixed,Actinidiaceae,Saurauia,unknown mixed,Actinidiaceae,Saurauia,unknown mixed,not identified to species level,NA,50ha,unlogged
Scaphium longifolium,Malvaceae,Scaphium,longifolium,Malvaceae,Scaphium,longiflorum,longifolium corrected to longiflorum. ,NA,CP,logged
Scaphium macropodum,Malvaceae,Scaphium,macropodum,Malvaceae,Scaphium,macropodum,,NA,"50ha, CP",both
Scaphium unknown mixed,Malvaceae,Scaphium,unknown mixed,Malvaceae,Scaphium,unknown mixed,not identified to species level,NA,CP,logged
Scleropyrum pentandrum,Santalaceae,Scleropyrum,pentandrum,Santalaceae,Scleropyrum,pentandrum,not recorded as occuring in borneo,NA,50ha,unlogged
Scorodocarpus borneensis,Olacaceae,Scorodocarpus,borneensis,Olacaceae,Scorodocarpus,borneensis,,NA,"50ha, CP",both
Semecarpus bunburyana,Anacardiaceae,Semecarpus,bunburyana,Anacardiaceae,Semecarpus,bunburyanus,bunburyana corrected to bunburyanus,NA,"50ha, CP",both
Shorea agamii,Dipterocarpaceae,Shorea,agamii,Dipterocarpaceae,Anthoshorea,agamae,"assumed to be Shorea agamae, which is a synonym of Anthoshorea agamae",NA,"50ha, CP",both
Shorea argentifolia,Dipterocarpaceae,Shorea,argentifolia,Dipterocarpaceae,Rubroshorea,argentifolia,Shorea argentifolia is a synonym of Rubroshorea argentifolia,NA,"50ha, CP",both
Shorea atrinervosa,Dipterocarpaceae,Shorea,atrinervosa,Dipterocarpaceae,Shorea,atrinervosa,,NA,"50ha, CP",both
Shorea beccariana,Dipterocarpaceae,Shorea,beccariana,Dipterocarpaceae,Rubroshorea,beccariana,Shorea beccariana is a synonym of Rubroshorea beccariana,NA,CP,logged
Shorea faguetiana,Dipterocarpaceae,Shorea,faguetiana,Dipterocarpaceae,Richetia,faguetiana,Shorea faguetiana is a synonym of Richertia faguetiana. ,"Unlogged, ActiveRestoration, NaturalRegeneration","50ha, CP, IF",both
Shorea fallax,Dipterocarpaceae,Shorea,fallax,Dipterocarpaceae,Rubroshorea,fallax,Shorea fallax is a synonym of Rubroshorea fallax,NaturalRegeneration,"CP, IF",logged
Shorea gibbosa,Dipterocarpaceae,Shorea,gibbosa,Dipterocarpaceae,Rubroshorea,gibbosa,Shorea gibbosa is a synonym of Rubroshorea gibbosa,"ActiveRestoration, NaturalRegeneration, Unlogged","50ha, CP, IF",both
Shorea johorensis,Dipterocarpaceae,Shorea,johorensis,Dipterocarpaceae,Rubroshorea,johorensis,Shorea johorensis is a synonym of Rubroshorea johorensis,"ActiveRestoration, NaturalRegeneration, Unlogged","50ha, CP, IF",both
Shorea leprosula,Dipterocarpaceae,Shorea,leprosula,Dipterocarpaceae,Rubroshorea,leprosula,Shorea leprosula is a synonym of Rubroshorea leprosula,"ActiveRestoration, Unlogged","50ha, CP, IF",both
Shorea leptoderma,Dipterocarpaceae,Shorea,leptoderma,Dipterocarpaceae,Shorea,leptoderma,,NA,50ha,unlogged
Shorea macrophylla,Dipterocarpaceae,Shorea,macrophylla,Dipterocarpaceae,Rubroshorea,macrophylla,Shorea macrophylla is a synonym of Rubroshorea macrophylla,ActiveRestoration,"CP, IF",logged
Shorea macroptera,Dipterocarpaceae,Shorea,macroptera,Dipterocarpaceae,Rubroshorea,macroptera,Shorea macroptera is a synonym of Rubroshorea macroptera,NA,CP,logged
Shorea mecistopteryx,Dipterocarpaceae,Shorea,mecistopteryx,Dipterocarpaceae,Rubroshorea,mecistopteryx,Shorea mecistopteryx is a synonym of Rubroshorea mecistopteryx,NA,CP,logged
Shorea ovalis,Dipterocarpaceae,Shorea,ovalis,Dipterocarpaceae,Rubroshorea,ovalis,Shorea ovalis is a synonym of Rubroshorea ovalis,NA,CP,logged
Shorea ovata,Dipterocarpaceae,Shorea,ovata,Dipterocarpaceae,Rubroshorea,ovata,Shorea ovata is a synonym of Rubroshorea ovata,NA,CP,logged
Shorea parvifolia,Dipterocarpaceae,Shorea,parvifolia,Dipterocarpaceae,Rubroshorea,parvifolia,Shorea parvifolia is a synonym of Rubroshorea parvifolia,"ActiveRestoration, NaturalRegeneration, Unlogged","50ha, CP, IF",both
Shorea pauciflora,Dipterocarpaceae,Shorea,pauciflora,Dipterocarpaceae,Rubroshorea,pauciflora,Shorea pauciflora is a synonym of Rubroshorea pauciflora,"ActiveRestoration, NaturalRegeneration, Unlogged","50ha, CP, IF",both
Shorea seminis,Dipterocarpaceae,Shorea,seminis,Dipterocarpaceae,Shorea,seminis,,Unlogged,"50ha, CP, IF",both
Shorea sp,Dipterocarpaceae,Shorea,sp,Dipterocarpaceae,Shorea,sp,not identified to species level,NA,CP,logged
Shorea superba,Dipterocarpaceae,Shorea,superba,Dipterocarpaceae,Shorea,superba,,NA,"50ha, CP",both
Shorea symingtonii,Dipterocarpaceae,Shorea,symingtonii,Dipterocarpaceae,Anthoshorea,symingtonii,Shorea symingtonii is a synonym of Anthoshorea symingtonii,Unlogged,"50ha, IF",unlogged
Shorea unknown mixed,Dipterocarpaceae,Shorea,unknown mixed,Dipterocarpaceae,Shorea,unknown mixed,not identified to species level,NA,"50ha, CP",both
Sindora irpicina,Fabaceae,Sindora,irpicina,Fabaceae,Sindora,irpicina,,NA,"50ha, CP",both
Sloanea javanica,Elaeocarpaceae,Sloanea,javanica,Elaeocarpaceae,Sloanea,javanica,,NA,50ha,unlogged
Spathiostemon javensis,Euphorbiaceae,Spathiostemon,javensis,Euphorbiaceae,Spathiostemon,javensis,,NA,"50ha, CP",both
Stemonurus grandifolius,Stemonuraceae,Stemonurus,grandifolius,Stemonuraceae,Stemonurus,grandifolius,,NA,"50ha, CP",both
Stemonurus malaccensis,Stemonuraceae,Stemonurus,malaccensis,Stemonuraceae,Stemonurus,malaccensis,,NA,50ha,unlogged
Stemonurus scorpiodes,Stemonuraceae,Stemonurus,scorpiodes,Stemonuraceae,Stemonurus,scorpioides,scorpiodes corrected to scorpioides,NA,"50ha, CP",both
Stemonurus unknown mixed,Stemonuraceae,Stemonurus,unknown mixed,Stemonuraceae,Stemonurus,unknown mixed,not identified to species level,NA,"50ha, CP",both
Sterculia coccinia,Malvaceae,Sterculia,coccinia,Malvaceae,Sterculia,lanceolata,"assumed to be sterculia coccinea, which is a synonym Sterculia lanceolata. ",NA,50ha,unlogged
Sterculia cordata,Malvaceae,Sterculia,cordata,Malvaceae,Sterculia,cordata,,NA,"50ha, CP",both
Sterculia rubiginosa,Malvaceae,Sterculia,rubiginosa,Malvaceae,Sterculia,rubiginosa,,NA,50ha,unlogged
Sterculia stipulata,Malvaceae,Sterculia,stipulata,Malvaceae,Sterculia,stipulata,,NA,50ha,unlogged
Sterculia unknown mixed,Malvaceae,Sterculia,unknown mixed,Malvaceae,Sterculia,unknown mixed,not identified to species level,NA,50ha,unlogged
Streblus glaber,Moraceae,Streblus,glaber,Moraceae,Paratrophis,glabra,Streblus glaber is a synonym of Paratrophis glabra,NA,50ha,unlogged
Strombosia ceylanica,Erythropalaceae,Strombosia,ceylanica,Olacaceae,Strombosia,ceylanica,family corrected,NA,50ha,unlogged
Suregada multiflora,Euphorbiaceae,Suregada,multiflora,Euphorbiaceae,Suregada,multiflora,not recorded as occuring in borneo,NA,50ha,unlogged
Sympetalandra unijug,Fabaceae,Sympetalandra,unijug,Fabaceae,Sympetalandra,unijuga,unijug corrected to unijuga,NA,CP,logged
Symplocos fasciculata,Symplocaceae,Symplocos,fasciculata,Symplocaceae,Symplocos,fasciculata,,NA,"50ha, CP",both
Symplocos odoratissima,Symplocaceae,Symplocos,odoratissima,Symplocaceae,Symplocos,odoratissima,,NA,50ha,unlogged
Symplocos unknown mixed,Symplocaceae,Symplocos,unknown mixed,Symplocaceae,Symplocos,unknown mixed,not identified to species level,NA,CP,logged
Syzygium barringtonioides,Myrtaceae,Syzygium,barringtonioides,Myrtaceae,Syzygium,barringtonioides,,NA,50ha,unlogged
Syzygium christmannii,Myrtaceae,Syzygium,christmannii,Myrtaceae,Syzygium,christmannii,,NA,50ha,unlogged
Syzygium creaghii,Myrtaceae,Syzygium,creaghii,Myrtaceae,Syzygium,creaghii,,NA,50ha,unlogged
Syzygium elliptilimbum,Myrtaceae,Syzygium,elliptilimbum,Myrtaceae,Syzygium,elliptilimbum,,NA,50ha,unlogged
Syzygium elopurae,Myrtaceae,Syzygium,elopurae,Myrtaceae,Syzygium,elopurae,,NA,50ha,unlogged
Syzygium fastigiatum,Myrtaceae,Syzygium,fastigiatum,Myrtaceae,Syzygium,fastigiatum,,NA,50ha,unlogged
Syzygium hirtum,Myrtaceae,Syzygium,hirtum,Myrtaceae,Syzygium,hirtum,,NA,"50ha, CP",both
Syzygium imperiale,Myrtaceae,Syzygium,imperiale,Myrtaceae,Syzygium,imperiale,,NA,50ha,unlogged
Syzygium kiauese,Myrtaceae,Syzygium,kiauese,Myrtaceae,Syzygium,kiauense,Kiauese corrected to kiauense,NA,50ha,unlogged
Syzygium kunstleri,Myrtaceae,Syzygium,kunstleri,Myrtaceae,Syzygium,kunstleri,,NA,50ha,unlogged
Syzygium leptostemon,Myrtaceae,Syzygium,leptostemon,Myrtaceae,Syzygium,leptostemon,,NA,50ha,unlogged
Syzygium panzeri,Myrtaceae,Syzygium,panzeri,Myrtaceae,Syzygium,panzeri,,NA,50ha,unlogged
Syzygium penibukanense,Myrtaceae,Syzygium,penibukanense,Myrtaceae,Syzygium,penibukanense,,NA,50ha,unlogged
Syzygium pustulatum,Myrtaceae,Syzygium,pustulatum,Myrtaceae,Syzygium,pustulatum,,NA,50ha,unlogged
Syzygium scortechinii,Myrtaceae,Syzygium,scortechinii,Myrtaceae,Syzygium,scortechinii,,NA,50ha,unlogged
Syzygium tawahensis,Myrtaceae,Syzygium,tawahensis,Myrtaceae,Syzygium,tawahense,tawahensis corrected to tawahense,NA,50ha,unlogged
Syzygium unknown mixed,Myrtaceae,Syzygium,unknown mixed,Myrtaceae,Syzygium,unknown mixed,not identified to species level,NA,"50ha, CP",both
Tabernaemontana macrocarpa,Apocynaceae,Tabernaemontana,macrocarpa,Apocynaceae,Tabernaemontana,macrocarpa,,NA,50ha,unlogged
Tabernaemontana pauciflora,Apocynaceae,Tabernaemontana,pauciflora,Apocynaceae,Tabernaemontana,pauciflora,,NA,50ha,unlogged
Tabernaemontana unknown mixed,Apocynaceae,Tabernaemontana,unknown mixed,Apocynaceae,Tabernaemontana,unknown mixed,not identified to species level,NA,50ha,unlogged
Taulama gitingensis,Magnoliaceae,Taulama,gitingensis,Magnoliaceae,unknown,unknown,"No genus called Taulama appears to exist, either on POWO or on google",NA,CP,logged
Taulama unknown mixed,Magnoliaceae,Taulama,unknown mixed,Magnoliaceae,unknown,unknown mixed,not identified to species level; no genus called Taulama appears to exist,NA,CP,logged
Teijsmanniodendron bogoriense,Lamiaceae,Teijsmanniodendron,bogoriense,Lamiaceae,Teijsmanniodendron,bogoriense,,NA,50ha,unlogged
Teijsmanniodendron pteropodum,Lamiaceae,Teijsmanniodendron,pteropodum,Lamiaceae,Teijsmanniodendron,pteropodum,,NA,CP,logged
Teijsmanniodendron unknown mixed,Lamiaceae,Teijsmanniodendron,unknown mixed,Lamiaceae,Teijsmanniodendron,unknown mixed,not identified to species level,NA,CP,logged
Terminalia citrina,Combretaceae,Terminalia,citrina,Combretaceae,Terminalia,citrina,,NA,50ha,unlogged
Terminalia ivorensis,Combretaceae,Terminalia,ivorensis,Combretaceae,Terminalia,ivorensis,not recorded as occuring in borneo; appear to only be recorded in West Africa. seems strange for this plant to be seen in Borneo.,NA,50ha,unlogged
Terminalia phellocarpa,Combretaceae,Terminalia,phellocarpa,Combretaceae,Terminalia,phellocarpa,not recorded as occuring in borneo.,NA,50ha,unlogged
Terminalia species 1,Combretaceae,Terminalia,species 1,Combretaceae,Terminalia,species 1,not identified to species level,NA,50ha,unlogged
Terminalia species 2,Combretaceae,Terminalia,species 2,Combretaceae,Terminalia,species 2,not identified to species level,NA,50ha,unlogged
Timonius lasianthoides,Rubiaceae,Timonius,lasianthoides,Rubiaceae,Timonius,lasianthoides,,NA,50ha,unlogged
Timonius wallichianus,Rubiaceae,Timonius,wallichianus,Rubiaceae,Timonius,wallichianus,,NA,50ha,unlogged
Triomma malaccensis,Burseraceae,Triomma,malaccensis,Burseraceae,Triomma,malaccensis,,NA,"50ha, CP",both
Turpinia sphaerocarpa,Tapisciaceae,Turpinia,sphaerocarpa,Staphyleaceae,Dalrympelea,sphaerocarpa,Turpinia sphaerocarpa is a synonym for Dalrympelea sphaerocarpa,NA,50ha,unlogged
Unknown species 8,Annonaceae,Unknown,species 8,Annonaceae,Unknown,species 8,unknown,NA,CP,logged
Unknown unknown mixed,Annonaceae,Unknown,unknown mixed,Annonaceae,Unknown,unknown mixed,unknown,NA,CP,logged
Urophyllum  glabrum,Rubiaceae,Urophyllum ,glabrum,Rubiaceae,Urophyllum ,glabrum,,NA,CP,logged
Urophyllum  unknown mixed,Rubiaceae,Urophyllum ,unknown mixed,Rubiaceae,Urophyllum ,unknown mixed,unknown,NA,CP,logged
Vatica albiramis,Dipterocarpaceae,Vatica,albiramis,Dipterocarpaceae,Vatica,albiramis,,NA,"50ha, CP",both
Vatica chartacea,Dipterocarpaceae,Vatica,chartacea,Dipterocarpaceae,Vatica,chartacea,,NA,50ha,unlogged
Vatica dulitensis,Dipterocarpaceae,Vatica,dulitensis,Dipterocarpaceae,Vatica,dulitensis,,NA,CP,logged
Vatica oblongifolia,Dipterocarpaceae,Vatica,oblongifolia,Dipterocarpaceae,Vatica,oblongifolia,,NA,50ha,unlogged
Vatica sarawakensis,Dipterocarpaceae,Vatica,sarawakensis,Dipterocarpaceae,Vatica,sarawakensis,,NA,"50ha, CP",both
Vatica umbonata,Dipterocarpaceae,Vatica,umbonata,Dipterocarpaceae,Vatica,umbonata,,NA,50ha,unlogged
Vitex pinnata,Lamiaceae,Vitex,pinnata,Lamiaceae,Vitex,pinnata,,NA,"50ha, CP",both
Walsura pachycaulon,Meliaceae,Walsura,pachycaulon,Meliaceae,Walsura,pachycaulon,,NA,50ha,unlogged
Walsura pinnata,Meliaceae,Walsura,pinnata,Meliaceae,Walsura,pinnata,,NA,"50ha, CP",both
Walsura species 1,Meliaceae,Walsura,species 1,Meliaceae,Walsura,species 1,not identified to species level,NA,50ha,unlogged
Xanthophyllum adenotus,Polygalaceae,Xanthophyllum,adenotus,Polygalaceae,Xanthophyllum,adenotus,,NA,50ha,unlogged
Xanthophyllum affine,Polygalaceae,Xanthophyllum,affine,Polygalaceae,Xanthophyllum,flavescens,Xanthophyllum affine is a synonym of Xanthophyllum flavescens,NA,"50ha, CP",both
Xanthophyllum pachycarpon,Polygalaceae,Xanthophyllum,pachycarpon,Polygalaceae,Xanthophyllum,pachycarpon,,NA,50ha,unlogged
Xanthophyllum reticulatum,Polygalaceae,Xanthophyllum,reticulatum,Polygalaceae,Xanthophyllum,reticulatum,,NA,50ha,unlogged
Xanthophyllum species 1,Polygalaceae,Xanthophyllum,species 1,Polygalaceae,Xanthophyllum,species 1,not identified to species level,NA,50ha,unlogged
Xanthophyllum species 2,Polygalaceae,Xanthophyllum,species 2,Polygalaceae,Xanthophyllum,species 2,not identified to species level,NA,50ha,unlogged
Xanthophyllum species 3,Polygalaceae,Xanthophyllum,species 3,Polygalaceae,Xanthophyllum,species 3,not identified to species level,NA,50ha,unlogged
Xanthophyllum species 4,Polygalaceae,Xanthophyllum,species 4,Polygalaceae,Xanthophyllum,species 4,not identified to species level,NA,50ha,unlogged
Xanthophyllum species 5,Polygalaceae,Xanthophyllum,species 5,Polygalaceae,Xanthophyllum,species 5,not identified to species level,NA,50ha,unlogged
Xanthophyllum species 6,Polygalaceae,Xanthophyllum,species 6,Polygalaceae,Xanthophyllum,species 6,not identified to species level,NA,50ha,unlogged
Xanthophyllum species 7,Polygalaceae,Xanthophyllum,species 7,Polygalaceae,Xanthophyllum,species 7,not identified to species level,NA,50ha,unlogged
Xanthophyllum unknown mixed,Polygalaceae,Xanthophyllum,unknown mixed,Polygalaceae,Xanthophyllum,unknown mixed,not identified to species level,NA,CP,logged
Xanthophyllum vitellinum,Polygalaceae,Xanthophyllum,vitellinum,Polygalaceae,Xanthophyllum,vitellinum,,NA,50ha,unlogged
Xylopia ferruginea,Annonaceae,Xylopia,ferruginea,Annonaceae,Xylopia,ferruginea,,NA,"50ha, CP",both
Ziziphus angustifolius,Rhamnaceae,Ziziphus,angustifolius,Rhamnaceae,Ziziphus,augustifolia,augustifolius corrected to augustifolia,NA,"50ha, CP",both
